"Tanggal","Terakhir","Pembukaan","Tertinggi","Terendah","Vol.","Perubahan%"
"11/09/2026","6.541,38","6.552,79","6.552,79","6.462,96","26,68B","-0,73%"
"10/09/2026","6.589,34","6.688,17","6.712,50","6.585,56","40,30B","-1,33%"
"09/09/2026","6.678,20","6.700,84","6.707,31","6.642,15","28,71B","-0,12%"
"08/09/2026","6.686,44","6.639,51","6.696,28","6.636,94","32,60B","1,01%"
"07/09/2026","6.619,67","6.652,09","6.667,75","6.610,93","30,20B","-0,25%"
"04/09/2026","6.636,48","6.695,69","6.704,13","6.633,92","27,82B","-0,47%"
"03/09/2026","6.667,89","6.632,83","6.681,84","6.614,71","37,36B","1,09%"
"02/09/2026","6.595,78","6.625,39","6.629,54","6.561,00","33,13B","-0,06%"
"01/09/2026","6.599,94","6.538,12","6.608,18","6.535,80","41,85B","1,14%"
"31/08/2026","6.525,48","6.511,11","6.528,10","6.476,17","38,94B","0,11%"
"28/08/2026","6.518,12","6.535,72","6.566,90","6.495,74","26,61B","-0,06%"
"27/08/2026","6.521,75","6.390,35","6.521,75","6.376,65","28,21B","1,81%"
"26/08/2026","6.405,69","6.507,14","6.532,17","6.405,69","32,96B","-1,48%"
"24/08/2026","6.501,67","6.544,00","6.551,00","6.474,57","29,65B","-0,37%"
"21/08/2026","6.525,69","6.524,08","6.551,96","6.507,43","37,83B","0,37%"
"20/08/2026","6.501,58","6.447,25","6.514,68","6.444,40","34,95B","1,68%"
"19/08/2026","6.394,13","6.408,18","6.490,91","6.373,81","29,53B","-0,86%"
"18/08/2026","6.449,83","6.448,83","6.490,65","6.448,26","28,83B","0,75%"
"14/08/2026","6.401,89","6.296,59","6.401,89","6.267,41","22,67B","1,59%"
"13/08/2026","6.301,77","6.388,23","6.390,33","6.281,57","23,66B","-1,13%"
"12/08/2026","6.373,85","6.277,76","6.373,85","6.272,30","29,47B","1,69%"
"11/08/2026","6.267,88","6.383,81","6.388,58","6.230,10","32,49B","-1,53%"
"10/08/2026","6.365,37","6.440,60","6.462,74","6.362,76","39,59B","-0,69%"
"07/08/2026","6.409,65","6.352,38","6.409,65","6.347,43","33,53B","1,04%"
"06/08/2026","6.343,71","6.379,92","6.388,20","6.324,06","50,61B","-0,12%"
"05/08/2026","6.351,14","6.338,59","6.367,82","6.316,10","35,08B","0,50%"
"04/08/2026","6.319,61","6.254,78","6.319,61","6.238,40","29,19B","1,37%"
"03/08/2026","6.234,50","6.272,62","6.273,33","6.212,55","34,75B","-0,03%"
"31/07/2026","6.236,13","6.219,62","6.236,62","6.201,89","27,46B","0,80%"
"30/07/2026","6.186,36","6.110,28","6.186,36","6.106,55","23,12B","1,56%"
"29/07/2026","6.091,39","6.141,16","6.174,41","6.029,32","28,85B","-0,64%"
"28/07/2026","6.130,59","6.175,20","6.199,44","6.130,59","19,80B","-0,89%"
"27/07/2026","6.185,78","6.185,80","6.219,42","6.144,27","24,19B","-0,17%"
"24/07/2026","6.196,43","6.266,98","6.268,53","6.159,15","33,02B","-1,88%"
"23/07/2026","6.315,31","6.346,62","6.454,31","6.306,65","57,06B","-0,30%"
"22/07/2026","6.334,48","6.366,01","6.394,69","6.284,88","42,28B","-0,09%"
"21/07/2026","6.340,02","6.273,57","6.340,02","6.247,35","44,13B","1,74%"
"20/07/2026","6.231,78","6.197,48","6.249,90","6.191,04","28,23B","0,91%"
"17/07/2026","6.175,54","6.112,84","6.192,66","6.079,32","20,57B","1,10%"
"16/07/2026","6.108,21","6.056,75","6.108,21","6.024,35","23,51B","1,10%"
"15/07/2026","6.041,97","6.068,03","6.081,23","6.007,17","18,72B","0,04%"
"14/07/2026","6.039,52","6.057,76","6.095,02","6.002,90","25,29B","0,03%"
"13/07/2026","6.037,84","5.934,72","6.037,84","5.898,15","22,42B","1,92%"
"10/07/2026","5.924,36","5.936,04","5.949,99","5.887,83","14,22B","0,20%"
"09/07/2026","5.912,44","5.865,77","5.912,44","5.839,67","22,06B","0,67%"
"08/07/2026","5.873,37","5.984,18","5.984,47","5.872,02","18,68B","-1,89%"
"07/07/2026","5.986,50","5.933,57","5.987,01","5.890,44","19,72B","1,19%"
"06/07/2026","5.916,07","5.893,28","5.935,68","5.857,35","17,60B","0,69%"
"03/07/2026","5.875,78","5.806,17","5.899,30","5.805,92","15,80B","2,28%"
"02/07/2026","5.744,56","5.709,84","5.806,71","5.704,50","17,29B","0,87%"
"01/07/2026","5.695,12","5.640,61","5.737,74","5.607,45","15,76B","0,92%"
"30/06/2026","5.643,19","5.801,45","5.811,67","5.638,57","17,75B","-3,05%"
"29/06/2026","5.820,79","5.932,03","5.942,77","5.800,29","11,78B","-1,28%"
"26/06/2026","5.896,13","6.010,34","6.045,26","5.830,14","17,20B","-1,72%"
"25/06/2026","5.999,04","5.873,07","6.056,20","5.864,00","18,79B","1,96%"
"24/06/2026","5.883,88","6.128,27","6.171,38","5.876,93","22,83B","-3,56%"
"23/06/2026","6.101,33","6.096,50","6.121,77","5.993,04","19,82B","-0,25%"
"22/06/2026","6.116,69","6.217,05","6.226,72","6.052,94","18,04B","-0,98%"
"19/06/2026","6.177,14","6.161,46","6.215,06","6.117,31","26,68B","0,08%"
"18/06/2026","6.172,34","6.191,89","6.197,17","6.073,72","21,58B","-0,78%"
"17/06/2026","6.220,74","6.321,96","6.377,19","6.179,67","27,47B","-0,55%"
"15/06/2026","6.254,97","6.118,73","6.345,80","6.118,08","47,17B","4,12%"
"12/06/2026","6.007,66","5.960,42","6.074,07","5.952,85","32,41B","2,07%"
"11/06/2026","5.886,03","5.899,27","6.010,49","5.784,51","24,16B","-0,28%"
"10/06/2026","5.902,38","5.744,06","5.942,94","5.677,96","40,12B","2,71%"
"09/06/2026","5.746,65","5.344,69","5.746,65","5.318,15","35,35B","7,57%"
"08/06/2026","5.342,14","5.486,31","5.523,94","5.317,91","25,95B","-4,52%"
"05/06/2026","5.594,77","5.846,49","5.860,67","5.594,11","24,24B","-4,20%"
"04/06/2026","5.839,79","5.919,56","5.924,51","5.644,23","32,58B","-1,70%"
"03/06/2026","5.941,07","6.207,10","6.213,80","5.842,00","34,46B","-4,11%"
"02/06/2026","6.195,43","6.210,00","6.264,26","6.143,63","25,36B","1,11%"
"29/05/2026","6.127,38","6.112,77","6.230,50","6.111,97","39,14B","-0,05%"
"26/05/2026","6.130,19","6.201,80","6.286,87","6.124,79","21,01B","-1,23%"
"25/05/2026","6.206,35","6.187,65","6.239,59","6.124,58","24,09B","0,72%"
"22/05/2026","6.162,04","6.065,63","6.171,97","5.966,86","31,34B","1,10%"
"21/05/2026","6.094,94","6.366,48","6.378,81","6.080,95","31,86B","-3,54%"
"20/05/2026","6.318,50","6.352,20","6.459,56","6.215,56","36,95B","-0,82%"
"19/05/2026","6.370,68","6.599,21","6.635,13","6.323,26","40,93B","-3,46%"
"18/05/2026","6.599,24","6.628,98","6.631,28","6.398,79","28,06B","-1,85%"
"13/05/2026","6.723,32","6.763,94","6.787,35","6.705,43","26,31B","-1,98%"
"12/05/2026","6.858,90","6.946,85","6.977,29","6.762,88","29,20B","-0,68%"
"11/05/2026","6.905,62","6.959,94","7.001,68","6.846,63","35,36B","-0,92%"
"08/05/2026","6.969,40","7.182,96","7.186,83","6.969,40","39,37B","-2,86%"
"07/05/2026","7.174,32","7.160,79","7.207,08","7.107,17","32,76B","1,15%"
"06/05/2026","7.092,47","7.086,34","7.127,72","7.049,92","33,85B","0,50%"
"05/05/2026","7.057,11","6.968,57","7.069,21","6.921,61","36,49B","1,22%"
"04/05/2026","6.971,95","6.988,92","7.069,69","6.946,06","55,33B","0,22%"
"30/04/2026","6.956,80","7.103,26","7.109,00","6.876,58","45,15B","-2,03%"
"29/04/2026","7.101,23","7.096,61","7.126,06","7.063,99","39,84B","0,41%"
"28/04/2026","7.072,39","7.128,47","7.151,51","7.032,98","27,29B","-0,48%"
"27/04/2026","7.106,52","7.158,51","7.230,03","7.106,52","29,26B","-0,32%"
"24/04/2026","7.129,49","7.378,07","7.383,40","7.115,97","41,58B","-3,38%"
"23/04/2026","7.378,61","7.564,42","7.582,50","7.378,61","50,35B","-2,16%"
"22/04/2026","7.541,61","7.528,34","7.578,05","7.513,94","45,93B","-0,24%"
"21/04/2026","7.559,38","7.560,29","7.568,99","7.511,83","40,56B","-0,46%"
"20/04/2026","7.594,11","7.663,40","7.692,15","7.570,42","37,53B","-0,52%"
"17/04/2026","7.634,00","7.645,81","7.673,86","7.607,96","35,99B","0,17%"
"16/04/2026","7.621,38","7.663,34","7.705,03","7.575,53","36,50B","-0,03%"
"15/04/2026","7.623,59","7.750,90","7.773,58","7.623,59","46,33B","-0,68%"
"14/04/2026","7.675,95","7.598,80","7.686,35","7.592,74","48,78B","2,34%"
"13/04/2026","7.500,19","7.410,08","7.527,87","7.351,36","37,40B","0,56%"
"10/04/2026","7.458,50","7.346,49","7.488,02","7.346,49","35,59B","2,07%"
"09/04/2026","7.307,59","7.238,46","7.308,58","7.191,59","25,86B","0,39%"
"08/04/2026","7.279,21","7.162,41","7.281,86","7.118,58","38,00B","4,42%"
"07/04/2026","6.971,03","7.001,28","7.022,04","6.942,63","22,57B","-0,26%"
"06/04/2026","6.989,43","7.001,56","7.009,23","6.934,89","25,26B","-0,53%"
"02/04/2026","7.026,78","7.153,11","7.161,80","7.019,23","22,53B","-2,19%"
"01/04/2026","7.184,44","7.149,25","7.207,17","7.136,25","29,54B","1,93%"
"31/03/2026","7.048,22","7.122,99","7.155,55","7.031,10","23,11B","-0,61%"
"30/03/2026","7.091,67","7.020,53","7.104,64","6.945,50","22,18B","-0,08%"
"27/03/2026","7.097,06","7.136,37","7.154,56","7.070,21","17,19B","-0,94%"
"26/03/2026","7.164,09","7.313,67","7.323,70","7.152,59","25,77B","-1,89%"
"25/03/2026","7.302,12","7.084,62","7.302,12","7.057,22","34,66B","2,75%"
"17/03/2026","7.106,84","7.074,61","7.148,25","7.059,89","22,69B","1,20%"
"16/03/2026","7.022,29","7.115,45","7.120,19","6.917,32","26,42B","-1,61%"
"13/03/2026","7.137,21","7.338,82","7.350,28","7.132,21","25,63B","-3,05%"
"12/03/2026","7.362,12","7.398,85","7.436,50","7.323,74","23,44B","-0,37%"
"11/03/2026","7.389,40","7.484,77","7.527,32","7.380,81","25,32B","-0,69%"
"10/03/2026","7.440,91","7.443,05","7.499,82","7.372,82","30,96B","1,41%"
"09/03/2026","7.337,37","7.374,31","7.403,73","7.156,68","40,62B","-3,27%"
"06/03/2026","7.585,69","7.699,47","7.700,32","7.500,08","29,11B","-1,62%"
"05/03/2026","7.710,54","7.695,35","7.765,61","7.678,53","30,39B","1,76%"
"04/03/2026","7.577,06","7.896,38","7.897,81","7.486,32","48,55B","-4,57%"
"03/03/2026","7.939,77","8.059,87","8.098,39","7.932,52","39,62B","-0,96%"
"02/03/2026","8.016,83","8.092,90","8.133,69","8.016,83","52,77B","-2,66%"
"27/02/2026","8.235,49","8.211,30","8.246,95","8.093,75","44,12B","0,00%"
"26/02/2026","8.235,26","8.351,36","8.358,96","8.139,82","45,03B","-1,04%"
"25/02/2026","8.322,23","8.318,14","8.373,48","8.259,75","44,18B","0,50%"
"24/02/2026","8.280,83","8.428,05","8.437,09","8.259,48","50,97B","-1,37%"
"23/02/2026","8.396,08","8.334,54","8.397,07","8.327,57","44,31B","1,50%"
"20/02/2026","8.271,77","8.300,22","8.328,42","8.236,75","40,03B","-0,03%"
"19/02/2026","8.274,08","8.357,45","8.376,20","8.251,81","43,54B","-0,43%"
"18/02/2026","8.310,23","8.235,81","8.310,23","8.227,45","45,90B","1,19%"
"13/02/2026","8.212,27","8.240,01","8.251,99","8.170,59","43,44B","-0,64%"
"12/02/2026","8.265,35","8.317,24","8.334,02","8.220,15","37,94B","-0,31%"
"11/02/2026","8.290,97","8.152,79","8.290,97","8.118,16","54,57B","1,96%"
"10/02/2026","8.131,74","8.031,58","8.140,86","8.011,13","37,45B","1,24%"
"09/02/2026","8.031,87","7.970,02","8.031,87","7.863,01","31,02B","1,22%"
"06/02/2026","7.935,26","7.945,04","8.025,14","7.861,69","31,22B","-2,08%"
"05/02/2026","8.103,88","8.154,60","8.214,46","8.102,79","32,36B","-0,53%"
"04/02/2026","8.146,72","8.121,03","8.194,68","8.050,40","40,46B","0,30%"
"03/02/2026","8.122,60","7.888,77","8.122,60","7.712,35","54,53B","2,52%"
"02/02/2026","7.922,73","8.306,16","8.313,06","7.820,23","44,50B","-4,88%"
"30/01/2026","8.329,61","8.308,72","8.408,30","8.167,16","47,86B","1,18%"
"29/01/2026","8.232,20","8.027,83","8.296,94","7.481,99","90,62B","-1,06%"
"28/01/2026","8.320,56","8.393,51","8.596,17","8.187,73","55,71B","-7,35%"
"27/01/2026","8.980,23","8.974,57","8.980,23","8.873,48","53,60B","0,05%"
"26/01/2026","8.975,33","8.967,73","9.058,05","8.923,53","49,18B","0,27%"
"23/01/2026","8.951,01","9.031,49","9.039,67","8.837,83","58,73B","-0,46%"
"22/01/2026","8.992,18","9.052,17","9.109,71","8.992,13","66,10B","-0,20%"
"21/01/2026","9.010,33","9.094,43","9.105,23","8.977,68","55,32B","-1,36%"
"20/01/2026","9.134,70","9.156,19","9.174,47","9.120,15","60,64B","0,01%"
"19/01/2026","9.133,87","9.098,70","9.133,87","9.026,00","54,16B","0,64%"
"15/01/2026","9.075,41","9.072,30","9.100,83","9.041,00","44,69B","0,47%"
"14/01/2026","9.032,58","9.007,05","9.049,30","8.979,60","58,07B","0,94%"
"13/01/2026","8.948,30","8.931,24","8.956,73","8.841,02","53,84B","0,72%"
"12/01/2026","8.884,72","8.991,76","9.000,97","8.715,41","69,79B","-0,58%"
"09/01/2026","8.936,75","8.969,15","8.981,02","8.908,17","49,95B","0,13%"
"08/01/2026","8.925,47","8.946,70","9.002,92","8.918,41","48,93B","-0,22%"
"07/01/2026","8.944,81","8.959,09","8.970,87","8.916,03","65,54B","0,13%"
"06/01/2026","8.933,61","8.890,72","8.940,11","8.839,01","63,04B","0,84%"
"05/01/2026","8.859,19","8.778,73","8.859,19","8.732,32","66,57B","1,27%"
"02/01/2026","8.748,13","8.676,74","8.748,13","8.664,97","47,19B","1,17%"
"30/12/2025","8.646,94","8.627,40","8.663,67","8.584,87","30,82B","0,03%"
"29/12/2025","8.644,26","8.545,72","8.652,18","8.545,72","33,43B","1,25%"
"24/12/2025","8.537,91","8.597,39","8.611,33","8.525,10","28,07B","-0,55%"
"23/12/2025","8.584,78","8.656,65","8.667,73","8.567,00","32,98B","-0,71%"
"22/12/2025","8.645,84","8.629,25","8.648,79","8.609,39","37,49B","0,42%"
"19/12/2025","8.609,55","8.657,24","8.671,77","8.562,89","30,72B","-0,10%"
"18/12/2025","8.618,20","8.705,14","8.730,71","8.618,20","32,86B","-0,68%"
"17/12/2025","8.677,34","8.708,33","8.729,47","8.660,75","34,20B","-0,11%"
"16/12/2025","8.686,47","8.696,70","8.700,86","8.611,35","43,10B","0,43%"
"15/12/2025","8.649,66","8.705,24","8.720,68","8.622,99","55,35B","-0,13%"
"12/12/2025","8.660,50","8.651,77","8.680,04","8.585,42","45,73B","0,46%"
"11/12/2025","8.620,48","8.764,09","8.776,97","8.560,11","66,72B","-0,92%"
"10/12/2025","8.700,92","8.713,71","8.720,88","8.668,61","62,38B","0,51%"
"09/12/2025","8.657,18","8.743,21","8.749,26","8.626,85","49,87B","-0,61%"
"08/12/2025","8.710,70","8.676,73","8.720,09","8.642,06","52,59B","0,90%"
"05/12/2025","8.632,76","8.658,89","8.689,10","8.617,04","42,15B","-0,09%"
"04/12/2025","8.640,20","8.646,65","8.650,30","8.606,90","44,73B","0,33%"
"03/12/2025","8.611,79","8.655,02","8.669,19","8.591,81","43,21B","-0,06%"
"02/12/2025","8.617,04","8.577,61","8.625,64","8.564,70","40,51B","0,80%"
"01/12/2025","8.548,79","8.541,54","8.553,62","8.493,25","43,36B","0,47%"
"28/11/2025","8.508,71","8.555,66","8.572,36","8.495,21","38,64B","-0,43%"
"27/11/2025","8.545,87","8.611,33","8.622,27","8.521,50","46,36B","-0,65%"
"26/11/2025","8.602,13","8.533,89","8.602,13","8.503,15","49,86B","0,94%"
"25/11/2025","8.521,88","8.570,85","8.574,38","8.487,22","41,41B","-0,56%"
"24/11/2025","8.570,25","8.458,29","8.570,25","8.429,46","47,16B","1,85%"
"21/11/2025","8.414,35","8.403,90","8.432,60","8.361,27","28,90B","-0,07%"
"20/11/2025","8.419,92","8.449,54","8.491,43","8.419,92","31,91B","0,16%"
"19/11/2025","8.406,58","8.384,36","8.426,63","8.375,58","39,45B","0,53%"
"18/11/2025","8.361,93","8.427,40","8.442,87","8.341,90","37,48B","-0,65%"
"17/11/2025","8.416,88","8.397,84","8.452,33","8.392,00","38,21B","0,55%"
"14/11/2025","8.370,44","8.378,13","8.417,13","8.360,94","42,28B","-0,02%"
"13/11/2025","8.372,00","8.412,83","8.418,16","8.354,84","53,42B","-0,20%"
"12/11/2025","8.388,57","8.392,28","8.428,95","8.377,50","49,11B","0,26%"
"11/11/2025","8.366,51","8.437,96","8.443,69","8.338,40","67,79B","-0,29%"
"10/11/2025","8.391,24","8.443,32","8.478,15","8.391,24","41,59B","-0,04%"
"07/11/2025","8.394,59","8.346,58","8.398,76","8.332,60","22,75B","0,69%"
"06/11/2025","8.337,06","8.354,68","8.362,92","8.289,89","22,92B","0,22%"
"05/11/2025","8.318,53","8.213,60","8.318,53","8.181,90","33,38B","0,93%"
"04/11/2025","8.241,91","8.275,95","8.317,08","8.225,91","25,46B","-0,40%"
"03/11/2025","8.275,08","8.208,03","8.282,16","8.201,36","10,10B","1,36%"
"31/10/2025","8.163,88","8.202,52","8.215,55","8.144,08","24,54B","-0,25%"
"30/10/2025","8.184,06","8.176,36","8.231,88","8.145,60","32,67B","0,22%"
"29/10/2025","8.166,22","8.107,38","8.169,14","8.042,63","24,83B","0,91%"
"28/10/2025","8.092,63","8.144,42","8.151,33","8.039,85","28,29B","-0,30%"
"27/10/2025","8.117,15","8.322,22","8.354,67","7.959,17","35,90B","-1,87%"
"24/10/2025","8.271,72","8.294,89","8.351,06","8.271,72","23,82B","-0,03%"
"23/10/2025","8.274,35","8.179,88","8.292,89","8.179,61","28,16B","1,49%"
"22/10/2025","8.152,55","8.235,70","8.261,84","8.141,99","27,54B","-1,04%"
"21/10/2025","8.238,08","8.165,69","8.238,08","8.161,19","28,18B","1,84%"
"20/10/2025","8.088,98","7.988,45","8.117,27","7.937,38","30,76B","2,19%"
"17/10/2025","7.915,66","8.132,75","8.140,60","7.854,31","35,37B","-2,57%"
"16/10/2025","8.124,76","8.064,68","8.148,04","8.030,78","24,66B","0,91%"
"15/10/2025","8.051,17","8.107,30","8.132,52","7.936,37","32,91B","-0,19%"
"14/10/2025","8.066,52","8.269,48","8.284,91","7.974,03","44,05B","-1,95%"
"13/10/2025","8.227,20","8.169,65","8.288,28","8.133,63","36,69B","-0,37%"
"10/10/2025","8.257,86","8.259,08","8.270,33","8.194,05","36,63B","0,08%"
"09/10/2025","8.250,94","8.187,70","8.272,63","8.159,94","34,72B","1,04%"
"08/10/2025","8.166,03","8.201,14","8.224,64","8.044,93","35,53B","-0,04%"
"07/10/2025","8.169,28","8.182,66","8.217,05","8.153,71","42,69B","0,36%"
"06/10/2025","8.139,89","8.155,37","8.176,31","8.104,55","42,95B","0,27%"
"03/10/2025","8.118,30","8.099,65","8.118,30","8.076,60","42,80B","0,59%"
"02/10/2025","8.071,08","8.070,42","8.109,44","8.059,05","40,23B","0,34%"
"01/10/2025","8.043,82","8.069,94","8.093,69","8.034,25","53,67B","-0,21%"
"30/09/2025","8.061,06","8.137,63","8.150,34","8.042,82","46,17B","-0,77%"
"29/09/2025","8.123,25","8.139,58","8.157,33","8.100,02","43,95B","0,30%"
"26/09/2025","8.099,33","8.051,76","8.099,33","8.035,00","35,20B","0,73%"
"25/09/2025","8.040,67","8.130,02","8.146,09","8.022,98","48,39B","-1,06%"
"24/09/2025","8.126,56","8.161,28","8.169,02","8.077,84","45,44B","0,02%"
"23/09/2025","8.125,20","8.066,29","8.125,20","8.039,95","51,87B","1,06%"
"22/09/2025","8.040,04","8.082,26","8.087,93","8.005,35","34,55B","-0,14%"
"19/09/2025","8.051,12","7.996,20","8.051,12","7.983,36","42,36B","0,53%"
"18/09/2025","8.008,43","8.065,74","8.068,01","7.993,52","37,82B","-0,21%"
"17/09/2025","8.025,18","7.964,42","8.025,18","7.940,51","32,37B","0,85%"
"16/09/2025","7.957,70","7.979,32","7.985,58","7.899,67","40,14B","0,26%"
"15/09/2025","7.937,12","7.891,26","7.937,12","7.889,19","34,51B","1,06%"
"12/09/2025","7.854,06","7.819,00","7.854,81","7.790,79","28,96B","1,37%"
"11/09/2025","7.747,90","7.781,17","7.819,10","7.742,60","28,98B","0,64%"
"10/09/2025","7.699,01","7.682,42","7.726,38","7.661,28","26,32B","0,92%"
"09/09/2025","7.628,60","7.748,51","7.791,33","7.619,72","33,54B","-1,78%"
"08/09/2025","7.766,85","7.929,06","7.934,99","7.766,85","33,68B","-1,28%"
"04/09/2025","7.867,35","7.873,84","7.899,80","7.855,74","36,23B","-0,23%"
"03/09/2025","7.885,86","7.843,63","7.911,62","7.840,75","35,17B","1,08%"
"02/09/2025","7.801,58","7.771,33","7.842,30","7.771,33","34,78B","0,85%"
"01/09/2025","7.736,07","7.620,10","7.783,42","7.547,56","35,87B","-1,21%"
"29/08/2025","7.830,49","7.899,89","7.913,86","7.765,60","48,13B","-1,53%"
"28/08/2025","7.952,09","7.951,87","8.022,76","7.941,94","39,93B","0,20%"
"27/08/2025","7.936,18","7.923,00","7.945,44","7.894,76","35,76B","0,38%"
"26/08/2025","7.905,76","7.971,79","7.978,07","7.881,21","50,49B","-0,27%"
"25/08/2025","7.926,91","7.921,02","7.951,98","7.915,05","37,63B","0,87%"
"22/08/2025","7.858,85","7.910,10","7.913,39","7.858,85","32,02B","-0,40%"
"21/08/2025","7.890,71","7.903,29","7.932,31","7.848,88","34,14B","-0,67%"
"20/08/2025","7.943,83","7.874,90","7.952,34","7.863,86","37,50B","1,03%"
"19/08/2025","7.862,95","7.905,35","7.931,76","7.854,10","35,83B","-0,45%"
"15/08/2025","7.898,38","7.967,77","8.017,07","7.898,37","34,69B","-0,41%"
"14/08/2025","7.931,25","7.909,02","7.973,98","7.905,55","36,18B","0,49%"
"13/08/2025","7.892,91","7.846,12","7.903,05","7.835,30","32,40B","1,30%"
"12/08/2025","7.791,70","7.666,09","7.800,83","7.646,91","27,24B","2,44%"
"11/08/2025","7.605,92","7.589,46","7.630,11","7.559,35","23,83B","0,96%"
"08/08/2025","7.533,38","7.639,19","7.648,90","7.516,98","23,48B","0,58%"
"07/08/2025","7.490,18","7.546,34","7.580,55","7.490,18","27,82B","-0,18%"
"06/08/2025","7.503,75","7.534,45","7.549,27","7.502,01","26,04B","-0,15%"
"05/08/2025","7.515,19","7.502,69","7.546,94","7.463,06","24,69B","0,68%"
"04/08/2025","7.464,65","7.552,50","7.560,06","7.448,04","26,66B","-0,97%"
"01/08/2025","7.537,77","7.545,15","7.579,61","7.523,62","25,73B","0,71%"
"31/07/2025","7.484,34","7.551,24","7.566,75","7.476,38","32,57B","-0,87%"
"30/07/2025","7.549,89","7.642,25","7.667,56","7.528,13","28,25B","-0,89%"
"29/07/2025","7.617,91","7.625,79","7.680,19","7.565,79","23,05B","0,04%"
"28/07/2025","7.614,77","7.630,75","7.669,45","7.614,77","22,95B","0,94%"
"25/07/2025","7.543,50","7.542,38","7.552,77","7.515,13","21,60B","0,17%"
"24/07/2025","7.530,90","7.485,08","7.568,22","7.478,36","24,28B","0,83%"
"23/07/2025","7.469,23","7.378,23","7.469,23","7.355,00","24,71B","1,70%"
"22/07/2025","7.344,74","7.440,29","7.457,38","7.344,74","27,93B","-0,72%"
"21/07/2025","7.398,19","7.366,31","7.408,01","7.306,87","28,78B","1,18%"
"18/07/2025","7.311,92","7.346,04","7.401,58","7.311,92","27,38B","0,34%"
"17/07/2025","7.287,02","7.229,26","7.291,56","7.226,12","20,21B","1,32%"
"16/07/2025","7.192,02","7.182,65","7.216,81","7.142,86","22,80B","0,72%"
"15/07/2025","7.140,47","7.122,08","7.161,84","7.079,00","19,94B","0,61%"
"14/07/2025","7.097,15","7.130,54","7.136,30","7.071,34","20,56B","0,71%"
"11/07/2025","7.047,44","7.036,30","7.055,79","7.026,49","16,53B","0,60%"
"10/07/2025","7.005,37","6.968,80","7.013,63","6.955,46","16,77B","0,88%"
"09/07/2025","6.943,92","6.918,70","6.943,92","6.907,21","15,74B","0,57%"
"08/07/2025","6.904,39","6.892,34","6.916,83","6.885,28","15,18B","0,05%"
"07/07/2025","6.900,93","6.874,01","6.900,93","6.844,86","12,08B","0,52%"
"04/07/2025","6.865,19","6.893,22","6.916,67","6.843,69","13,28B","-0,19%"
"03/07/2025","6.878,05","6.898,63","6.922,73","6.877,44","15,44B","-0,05%"
"02/07/2025","6.881,25","6.896,42","6.905,37","6.838,40","18,20B","-0,49%"
"01/07/2025","6.915,36","6.954,39","6.971,24","6.885,14","14,93B","-0,18%"
"30/06/2025","6.927,68","6.936,06","6.949,28","6.876,26","16,77B","0,44%"
"26/06/2025","6.897,40","6.842,01","6.897,40","6.817,41","15,41B","0,96%"
"25/06/2025","6.832,14","6.908,92","6.918,78","6.814,74","17,09B","-0,54%"
"24/06/2025","6.869,17","6.864,28","6.924,97","6.852,11","18,61B","1,21%"
"23/06/2025","6.787,14","6.833,48","6.834,77","6.745,15","22,69B","-1,74%"
"20/06/2025","6.907,14","6.948,28","6.956,81","6.873,72","33,16B","-0,88%"
"19/06/2025","6.968,64","7.107,79","7.115,90","6.935,01","22,22B","-1,96%"
"18/06/2025","7.107,79","7.155,12","7.166,67","7.089,46","18,04B","-0,67%"
"17/06/2025","7.155,85","7.163,03","7.181,47","7.143,60","17,30B","0,54%"
"16/06/2025","7.117,59","7.158,90","7.211,54","7.117,59","22,46B","-0,68%"
"13/06/2025","7.166,06","7.191,12","7.192,66","7.149,61","23,02B","-0,53%"
"12/06/2025","7.204,37","7.219,56","7.237,27","7.191,90","28,16B","-0,25%"
"11/06/2025","7.222,46","7.232,68","7.239,96","7.172,20","26,26B","-0,11%"
"10/06/2025","7.230,75","7.136,86","7.230,75","7.133,38","26,52B","1,65%"
"05/06/2025","7.113,42","7.100,24","7.136,64","7.083,89","19,31B","0,63%"
"04/06/2025","7.069,04","7.083,24","7.094,45","7.052,91","23,28B","0,34%"
"03/06/2025","7.044,82","7.071,64","7.090,35","6.994,16","19,97B","-0,29%"
"02/06/2025","7.065,07","7.134,49","7.152,91","7.035,84","24,01B","-1,54%"
"28/05/2025","7.175,82","7.223,51","7.237,34","7.166,68","27,75B","-0,32%"
"27/05/2025","7.198,97","7.204,17","7.212,57","7.162,96","24,54B","0,15%"
"26/05/2025","7.188,35","7.231,48","7.240,08","7.129,39","33,10B","-0,36%"
"23/05/2025","7.214,16","7.206,36","7.223,25","7.177,25","15,22B","0,66%"
"22/05/2025","7.166,98","7.165,10","7.190,67","7.136,78","20,12B","0,34%"
"21/05/2025","7.142,46","7.114,70","7.170,72","7.109,22","22,82B","0,67%"
"20/05/2025","7.094,60","7.164,15","7.202,82","7.088,62","21,97B","-0,65%"
"19/05/2025","7.141,09","7.113,44","7.160,66","7.085,97","22,73B","0,49%"
"16/05/2025","7.106,53","7.092,23","7.106,53","7.009,85","23,97B","0,94%"
"15/05/2025","7.040,16","7.003,15","7.076,74","7.002,37","34,36B","0,86%"
"14/05/2025","6.979,88","6.915,96","6.987,78","6.914,75","27,25B","2,15%"
"09/05/2025","6.832,80","6.849,45","6.882,32","6.811,77","16,44B","0,07%"
"08/05/2025","6.827,75","6.945,98","6.965,93","6.824,65","26,09B","-1,42%"
"07/05/2025","6.926,23","6.925,25","6.970,50","6.909,96","18,77B","0,41%"
"06/05/2025","6.898,20","6.860,45","6.913,69","6.858,15","16,23B","0,97%"
"05/05/2025","6.831,95","6.844,37","6.879,11","6.824,40","19,50B","0,24%"
"02/05/2025","6.815,73","6.811,11","6.818,28","6.765,83","18,31B","0,72%"
"30/04/2025","6.766,79","6.755,46","6.791,25","6.725,97","21,01B","0,26%"
"29/04/2025","6.749,08","6.748,99","6.763,89","6.724,32","19,30B","0,39%"
"28/04/2025","6.722,97","6.716,21","6.738,35","6.688,78","16,45B","0,66%"
"25/04/2025","6.678,92","6.660,62","6.683,36","6.640,78","16,90B","0,99%"
"24/04/2025","6.613,48","6.671,07","6.697,90","6.585,46","15,91B","-0,32%"
"23/04/2025","6.634,38","6.589,33","6.642,92","6.588,26","18,45B","1,47%"
"22/04/2025","6.538,27","6.455,08","6.538,32","6.428,10","15,03B","1,43%"
"21/04/2025","6.445,97","6.450,31","6.472,54","6.406,80","10,89B","0,12%"
"17/04/2025","6.438,27","6.407,02","6.438,27","6.384,29","13,11B","0,60%"
"16/04/2025","6.400,05","6.461,27","6.469,60","6.373,79","14,20B","-0,65%"
"15/04/2025","6.441,68","6.444,34","6.497,53","6.395,93","14,71B","1,15%"
"14/04/2025","6.368,52","6.225,34","6.404,07","6.225,34","14,97B","1,70%"
"11/04/2025","6.262,23","6.195,57","6.298,78","6.148,78","11,76B","0,13%"
"10/04/2025","6.254,02","6.270,61","6.310,83","6.188,67","18,14B","4,79%"
"09/04/2025","5.967,99","5.978,44","6.092,41","5.949,60","15,00B","-0,47%"
"08/04/2025","5.996,14","5.914,29","6.036,55","5.882,60","18,48B","-7,90%"
"27/03/2025","6.510,62","6.462,60","6.510,62","6.417,24","12,19B","0,59%"
"26/03/2025","6.472,36","6.314,33","6.489,15","6.312,97","15,98B","3,80%"
"25/03/2025","6.235,62","6.197,99","6.265,30","6.178,49","11,13B","1,21%"
"24/03/2025","6.161,22","6.242,23","6.269,90","5.967,19","12,42B","-1,55%"
"21/03/2025","6.258,18","6.418,39","6.426,17","6.218,60","19,02B","-1,94%"
"20/03/2025","6.381,67","6.372,61","6.446,89","6.353,69","14,62B","1,11%"
"19/03/2025","6.311,66","6.221,20","6.332,73","6.147,43","12,68B","1,42%"
"18/03/2025","6.223,39","6.458,67","6.465,22","6.011,84","23,31B","-3,84%"
"17/03/2025","6.471,95","6.490,67","6.557,41","6.445,98","12,63B","-0,67%"
"14/03/2025","6.515,63","6.623,69","6.632,08","6.514,69","12,30B","-1,98%"
"13/03/2025","6.647,42","6.700,11","6.707,39","6.618,54","13,99B","-0,26%"
"12/03/2025","6.665,04","6.566,80","6.665,04","6.566,20","13,97B","1,82%"
"11/03/2025","6.545,85","6.535,87","6.567,58","6.499,04","15,00B","-0,79%"
"10/03/2025","6.598,21","6.618,92","6.629,44","6.568,13","15,36B","-0,57%"
"07/03/2025","6.636,00","6.631,31","6.682,94","6.577,83","19,84B","0,27%"
"06/03/2025","6.617,85","6.577,85","6.667,89","6.573,80","13,89B","1,32%"
"05/03/2025","6.531,40","6.404,69","6.570,82","6.404,69","14,35B","2,37%"
"04/03/2025","6.380,40","6.524,70","6.528,97","6.361,40","14,91B","-2,14%"
"03/03/2025","6.519,66","6.362,15","6.570,95","6.347,10","17,08B","3,97%"
"28/02/2025","6.270,60","6.446,64","6.447,88","6.246,28","19,69B","-3,31%"
"27/02/2025","6.485,45","6.609,89","6.626,26","6.443,22","15,65B","-1,83%"
"26/02/2025","6.606,18","6.627,02","6.682,87","6.547,24","13,52B","0,29%"
"25/02/2025","6.587,09","6.749,44","6.772,65","6.576,97","19,42B","-2,41%"
"24/02/2025","6.749,60","6.801,68","6.818,79","6.732,41","15,62B","-0,78%"
"21/02/2025","6.803,00","6.788,90","6.814,87","6.758,35","13,11B","0,22%"
"20/02/2025","6.788,04","6.796,67","6.836,72","6.755,43","16,89B","-0,10%"
"19/02/2025","6.794,87","6.877,16","6.886,92","6.773,91","15,99B","-1,14%"
"18/02/2025","6.873,55","6.847,77","6.908,70","6.830,78","15,86B","0,62%"
"17/02/2025","6.830,88","6.663,31","6.830,88","6.658,22","13,66B","2,90%"
"14/02/2025","6.638,46","6.640,13","6.679,40","6.609,67","12,13B","0,38%"
"13/02/2025","6.613,57","6.637,42","6.647,10","6.565,78","12,61B","-0,48%"
"12/02/2025","6.645,78","6.540,95","6.645,78","6.537,48","14,13B","1,74%"
"11/02/2025","6.531,99","6.629,81","6.658,23","6.500,46","14,60B","-1,75%"
"10/02/2025","6.648,14","6.681,23","6.713,95","6.585,98","15,35B","-1,40%"
"07/02/2025","6.742,58","6.758,10","6.769,78","6.656,72","15,21B","-1,93%"
"06/02/2025","6.875,54","7.030,19","7.033,62","6.830,11","17,09B","-2,12%"
"05/02/2025","7.024,23","7.071,58","7.079,46","7.002,52","24,71B","-0,70%"
"04/02/2025","7.073,46","7.051,48","7.125,94","7.037,63","25,07B","0,62%"
"03/02/2025","7.030,06","7.087,75","7.089,70","6.933,14","13,54B","-1,11%"
"31/01/2025","7.109,20","7.113,58","7.174,75","7.095,68","12,56B","0,50%"
"30/01/2025","7.073,48","7.142,79","7.150,29","7.042,69","15,69B","-1,29%"
"24/01/2025","7.166,06","7.255,02","7.261,45","7.166,06","12,22B","-0,92%"
"23/01/2025","7.232,64","7.275,00","7.324,63","7.232,64","14,20B","-0,34%"
"22/01/2025","7.257,13","7.227,02","7.267,49","7.223,26","14,65B","1,05%"
"21/01/2025","7.181,82","7.207,59","7.221,73","7.176,33","17,62B","0,15%"
"20/01/2025","7.170,74","7.188,40","7.201,61","7.165,44","18,31B","0,22%"
"17/01/2025","7.154,66","7.115,05","7.178,81","7.084,30","19,78B","0,66%"
"16/01/2025","7.107,52","7.165,18","7.190,61","7.071,91","14,48B","0,39%"
"15/01/2025","7.079,56","6.992,85","7.084,56","6.977,77","17,35B","1,77%"
"14/01/2025","6.956,67","7.014,80","7.042,33","6.956,67","15,10B","-0,86%"
"13/01/2025","7.016,88","7.076,70","7.089,57","6.986,59","14,99B","-1,02%"
"10/01/2025","7.088,87","7.076,90","7.121,63","7.074,14","16,62B","0,34%"
"09/01/2025","7.064,59","7.093,25","7.106,46","7.062,10","14,85B","-0,22%"
"08/01/2025","7.080,35","7.099,66","7.129,29","7.046,17","14,71B","-0,04%"
"07/01/2025","7.083,28","7.074,26","7.103,19","7.029,51","14,47B","0,04%"
"06/01/2025","7.080,47","7.176,12","7.182,02","7.073,95","19,22B","-1,17%"
"03/01/2025","7.164,43","7.177,25","7.197,01","7.135,28","18,29B","0,02%"
"02/01/2025","7.163,21","7.092,43","7.163,21","7.088,32","16,18B","1,18%"
"30/12/2024","7.079,90","7.026,78","7.079,90","6.993,07","15,97B","0,62%"
"27/12/2024","7.036,57","7.073,38","7.100,27","7.024,71","14,43B","-0,41%"
"24/12/2024","7.065,75","7.115,64","7.120,58","7.063,75","11,06B","-0,43%"
"23/12/2024","7.096,44","7.037,53","7.096,44","7.035,73","13,87B","1,61%"
"20/12/2024","6.983,87","6.980,17","7.032,40","6.931,58","14,57B","0,09%"
"19/12/2024","6.977,24","7.034,62","7.040,55","6.951,05","17,09B","-1,84%"
"18/12/2024","7.107,88","7.168,97","7.216,88","7.105,07","12,24B","-0,70%"
"17/12/2024","7.157,73","7.238,17","7.263,31","7.132,06","15,74B","-1,39%"
"16/12/2024","7.258,63","7.304,22","7.320,79","7.204,65","18,65B","-0,90%"
"13/12/2024","7.324,79","7.379,75","7.399,90","7.324,79","12,01B","-0,94%"
"12/12/2024","7.394,24","7.441,97","7.470,89","7.380,03","14,77B","-0,94%"
"11/12/2024","7.464,75","7.444,86","7.530,56","7.444,17","23,55B","0,15%"
"10/12/2024","7.453,29","7.448,77","7.457,81","7.396,79","20,33B","0,21%"
"09/12/2024","7.437,73","7.382,61","7.440,98","7.380,66","23,01B","0,74%"
"06/12/2024","7.382,79","7.302,67","7.382,81","7.287,60","13,02B","0,95%"
"05/12/2024","7.313,31","7.326,02","7.338,60","7.283,50","13,14B","-0,18%"
"04/12/2024","7.326,76","7.198,10","7.328,32","7.187,48","16,64B","1,82%"
"03/12/2024","7.196,02","7.104,93","7.196,02","7.102,22","17,63B","2,11%"
"02/12/2024","7.046,99","7.117,75","7.153,03","7.041,34","16,39B","-0,95%"
"29/11/2024","7.114,27","7.168,00","7.189,13","7.107,28","21,84B","-1,19%"
"28/11/2024","7.200,16","7.215,91","7.249,69","7.195,67","17,90B","-0,63%"
"26/11/2024","7.245,89","7.329,53","7.341,60","7.245,89","16,41B","-0,93%"
"25/11/2024","7.314,11","7.218,95","7.329,49","7.218,83","26,48B","1,65%"
"22/11/2024","7.195,56","7.154,68","7.215,69","7.154,45","20,58B","0,77%"
"21/11/2024","7.140,91","7.168,33","7.209,36","7.140,91","15,57B","-0,55%"
"20/11/2024","7.180,33","7.214,00","7.229,71","7.171,27","16,41B","-0,21%"
"19/11/2024","7.195,71","7.140,19","7.229,83","7.136,69","20,51B","0,86%"
"18/11/2024","7.134,28","7.152,08","7.174,75","7.118,87","19,17B","-0,38%"
"15/11/2024","7.161,26","7.192,21","7.241,66","7.122,68","21,31B","-0,74%"
"14/11/2024","7.214,56","7.303,90","7.318,78","7.214,56","20,94B","-1,29%"
"13/11/2024","7.308,67","7.344,01","7.370,39","7.304,87","22,63B","-0,18%"
"12/11/2024","7.321,99","7.271,17","7.344,07","7.268,61","28,77B","0,76%"
"11/11/2024","7.266,46","7.259,29","7.282,20","7.182,31","22,10B","-0,28%"
"08/11/2024","7.287,19","7.263,96","7.350,36","7.263,96","14,89B","0,60%"
"07/11/2024","7.243,86","7.373,57","7.381,76","7.243,86","20,41B","-1,90%"
"06/11/2024","7.383,87","7.495,13","7.506,60","7.363,03","23,58B","-1,44%"
"05/11/2024","7.491,93","7.474,45","7.497,00","7.451,55","18,27B","0,17%"
"04/11/2024","7.479,50","7.505,11","7.529,70","7.415,81","21,23B","-0,34%"
"01/11/2024","7.505,26","7.573,79","7.583,69","7.485,46","15,53B","-0,91%"
"31/10/2024","7.574,02","7.569,72","7.617,36","7.558,68","20,33B","0,06%"
"30/10/2024","7.569,85","7.558,80","7.581,91","7.521,73","16,82B","-0,48%"
"29/10/2024","7.606,60","7.625,47","7.666,43","7.587,21","18,28B","-0,37%"
"28/10/2024","7.634,63","7.705,87","7.714,74","7.599,62","19,72B","-0,78%"
"25/10/2024","7.694,66","7.717,43","7.752,25","7.678,18","20,58B","-0,28%"
"24/10/2024","7.716,55","7.778,66","7.794,86","7.716,55","24,29B","-0,91%"
"23/10/2024","7.787,56","7.774,01","7.805,92","7.761,25","26,97B","-0,02%"
"22/10/2024","7.788,98","7.752,38","7.801,40","7.731,96","28,68B","0,21%"
"21/10/2024","7.772,60","7.780,25","7.795,09","7.739,89","24,69B","0,16%"
"18/10/2024","7.760,06","7.762,15","7.790,71","7.718,68","23,43B","0,32%"
"17/10/2024","7.735,04","7.661,07","7.758,67","7.657,72","22,46B","1,13%"
"16/10/2024","7.648,94","7.645,21","7.658,40","7.616,60","19,74B","0,29%"
"15/10/2024","7.626,95","7.579,05","7.635,04","7.573,45","21,87B","0,89%"
"14/10/2024","7.559,65","7.518,81","7.570,27","7.518,81","20,59B","0,52%"
"11/10/2024","7.520,60","7.520,53","7.549,54","7.506,28","15,95B","0,54%"
"10/10/2024","7.480,08","7.501,87","7.528,95","7.467,82","15,80B","-0,28%"
"09/10/2024","7.501,29","7.556,56","7.595,58","7.501,22","16,92B","-0,74%"
"08/10/2024","7.557,14","7.486,72","7.592,88","7.449,48","19,48B","0,71%"
"07/10/2024","7.504,13","7.493,66","7.540,24","7.450,20","23,58B","0,11%"
"04/10/2024","7.496,09","7.531,79","7.549,23","7.467,80","22,39B","-0,63%"
"03/10/2024","7.543,83","7.567,45","7.581,33","7.504,41","18,94B","-0,26%"
"02/10/2024","7.563,26","7.601,74","7.619,10","7.501,46","31,53B","-1,03%"
"01/10/2024","7.642,13","7.551,46","7.642,13","7.547,11","20,70B","1,52%"
"30/09/2024","7.527,93","7.674,29","7.679,24","7.527,93","22,22B","-2,20%"
"27/09/2024","7.696,92","7.713,80","7.736,92","7.663,48","19,05B","-0,61%"
"26/09/2024","7.744,52","7.723,10","7.763,08","7.673,05","20,28B","0,05%"
"25/09/2024","7.740,90","7.747,85","7.760,88","7.633,45","27,67B","-0,48%"
"24/09/2024","7.778,49","7.774,56","7.810,54","7.717,84","18,28B","0,04%"
"23/09/2024","7.775,73","7.743,20","7.775,73","7.675,29","26,02B","0,42%"
"20/09/2024","7.743,00","7.904,40","7.904,51","7.738,32","31,77B","-2,05%"
"19/09/2024","7.905,39","7.858,11","7.910,56","7.853,35","25,95B","0,97%"
"18/09/2024","7.829,13","7.845,81","7.879,04","7.818,96","24,18B","-0,03%"
"17/09/2024","7.831,78","7.832,52","7.854,02","7.802,27","21,61B","0,25%"
"13/09/2024","7.812,13","7.805,69","7.828,97","7.775,64","16,25B","0,18%"
"12/09/2024","7.798,15","7.782,02","7.833,27","7.782,02","25,27B","0,48%"
"11/09/2024","7.760,96","7.770,27","7.802,48","7.736,78","17,19B","-0,01%"
"10/09/2024","7.761,39","7.725,28","7.764,78","7.723,30","19,65B","0,76%"
"09/09/2024","7.702,74","7.729,25","7.748,33","7.654,73","13,85B","-0,25%"
"06/09/2024","7.721,85","7.684,81","7.754,48","7.683,70","12,27B","0,53%"
"05/09/2024","7.681,04","7.679,65","7.722,23","7.650,80","13,77B","0,11%"
"04/09/2024","7.672,90","7.577,10","7.672,90","7.546,05","14,76B","0,74%"
"03/09/2024","7.616,52","7.706,65","7.726,66","7.598,47","16,57B","-1,01%"
"02/09/2024","7.694,53","7.686,54","7.726,19","7.669,92","15,62B","0,31%"
"30/08/2024","7.670,73","7.642,78","7.673,18","7.616,35","19,45B","0,57%"
"29/08/2024","7.627,60","7.679,53","7.715,76","7.627,60","15,39B","-0,41%"
"28/08/2024","7.658,88","7.604,33","7.672,29","7.581,05","15,20B","0,80%"
"27/08/2024","7.597,88","7.598,46","7.610,20","7.547,26","14,12B","-0,11%"
"26/08/2024","7.606,19","7.549,41","7.619,90","7.549,41","14,21B","0,82%"
"23/08/2024","7.544,30","7.510,66","7.567,51","7.507,74","12,88B","0,74%"
"22/08/2024","7.488,68","7.531,35","7.540,27","7.460,40","14,07B","-0,87%"
"21/08/2024","7.554,59","7.563,08","7.594,55","7.543,64","19,99B","0,27%"
"20/08/2024","7.533,98","7.490,32","7.538,16","7.482,50","18,36B","0,90%"
"19/08/2024","7.466,83","7.428,74","7.466,83","7.420,38","13,87B","0,47%"
"16/08/2024","7.432,09","7.443,94","7.459,75","7.417,21","15,13B","0,30%"
"15/08/2024","7.409,50","7.442,91","7.460,39","7.386,74","15,04B","-0,36%"
"14/08/2024","7.436,04","7.377,01","7.445,66","7.372,89","16,81B","1,08%"
"13/08/2024","7.356,64","7.316,43","7.366,65","7.286,55","14,61B","0,81%"
"12/08/2024","7.297,63","7.265,15","7.297,63","7.230,79","15,64B","0,56%"
"09/08/2024","7.257,00","7.219,98","7.267,42","7.219,92","11,27B","0,86%"
"08/08/2024","7.195,12","7.212,74","7.234,45","7.181,77","12,52B","-0,24%"
"07/08/2024","7.212,13","7.149,51","7.246,26","7.147,29","12,86B","1,16%"
"06/08/2024","7.129,21","7.098,67","7.167,26","7.066,50","12,25B","0,99%"
"05/08/2024","7.059,65","7.254,61","7.257,48","6.998,81","19,60B","-3,40%"
"02/08/2024","7.308,12","7.304,09","7.337,98","7.264,01","13,07B","-0,24%"
"01/08/2024","7.325,98","7.274,52","7.325,98","7.258,87","11,90B","0,97%"
"31/07/2024","7.255,76","7.251,80","7.275,19","7.226,50","14,05B","0,19%"
"30/07/2024","7.241,86","7.283,92","7.292,56","7.226,78","12,41B","-0,65%"
"29/07/2024","7.288,90","7.304,60","7.333,90","7.274,25","13,19B","0,01%"
"26/07/2024","7.288,17","7.262,13","7.298,96","7.256,53","12,87B","0,66%"
"25/07/2024","7.240,28","7.264,21","7.268,05","7.207,82","12,59B","-0,31%"
"24/07/2024","7.262,76","7.298,51","7.311,15","7.249,28","14,93B","-0,70%"
"23/07/2024","7.313,86","7.336,28","7.347,02","7.293,31","25,17B","-0,11%"
"22/07/2024","7.321,98","7.316,25","7.341,91","7.301,42","14,09B","0,38%"
"19/07/2024","7.294,50","7.304,28","7.315,14","7.249,82","12,53B","-0,36%"
"18/07/2024","7.321,07","7.231,73","7.330,81","7.220,10","14,62B","1,34%"
"17/07/2024","7.224,22","7.261,22","7.265,09","7.207,58","21,82B","0,00%"
"16/07/2024","7.224,29","7.289,81","7.294,79","7.213,28","10,79B","-0,75%"
"15/07/2024","7.278,86","7.336,31","7.346,10","7.252,81","10,74B","-0,66%"
"12/07/2024","7.327,58","7.336,48","7.354,16","7.300,75","13,07B","0,37%"
"11/07/2024","7.300,41","7.302,50","7.328,27","7.274,06","14,64B","0,18%"
"10/07/2024","7.287,04","7.283,19","7.313,20","7.272,12","21,43B","0,24%"
"09/07/2024","7.269,80","7.254,16","7.302,94","7.239,64","13,61B","0,26%"
"08/07/2024","7.250,98","7.261,98","7.265,08","7.215,47","16,01B","-0,03%"
"05/07/2024","7.253,37","7.248,72","7.275,94","7.213,39","13,09B","0,45%"
"04/07/2024","7.220,89","7.212,70","7.262,84","7.204,44","15,86B","0,34%"
"03/07/2024","7.196,75","7.153,77","7.196,75","7.126,81","12,68B","1,01%"
"02/07/2024","7.125,14","7.149,04","7.176,87","7.099,05","12,19B","-0,20%"
"01/07/2024","7.139,63","7.076,63","7.139,63","7.075,38","10,83B","1,08%"
"28/06/2024","7.063,58","6.989,37","7.084,62","6.987,80","10,47B","1,37%"
"27/06/2024","6.967,95","6.929,15","6.968,14","6.915,83","8,52B","0,90%"
"26/06/2024","6.905,64","6.885,82","6.936,26","6.885,40","11,18B","0,33%"
"25/06/2024","6.882,70","6.874,87","6.890,44","6.843,65","10,36B","-0,09%"
"24/06/2024","6.889,17","6.877,47","6.914,81","6.870,31","11,40B","0,13%"
"21/06/2024","6.879,98","6.838,48","6.945,83","6.823,06","20,22B","0,89%"
"20/06/2024","6.819,32","6.751,24","6.825,56","6.728,40","13,89B","1,37%"
"19/06/2024","6.726,92","6.739,90","6.791,53","6.698,85","21,57B","-0,12%"
"14/06/2024","6.734,83","6.829,99","6.840,20","6.713,27","14,38B","-1,42%"
"13/06/2024","6.831,56","6.893,84","6.896,65","6.831,56","15,44B","-0,27%"
"12/06/2024","6.850,10","6.859,35","6.866,27","6.821,51","16,51B","-0,08%"
"11/06/2024","6.855,69","6.900,31","6.932,46","6.855,69","15,01B","-0,95%"
"10/06/2024","6.921,55","6.910,72","6.929,10","6.846,38","22,84B","0,34%"
"07/06/2024","6.897,95","6.987,79","6.994,12","6.887,81","10,99B","-1,10%"
"06/06/2024","6.974,90","6.992,56","7.032,57","6.939,55","13,00B","0,39%"
"05/06/2024","6.947,67","7.114,54","7.118,35","6.934,94","13,71B","-2,14%"
"04/06/2024","7.099,31","7.071,09","7.149,19","7.065,03","16,07B","0,90%"
"03/06/2024","7.036,19","7.030,21","7.088,40","6.993,09","14,18B","0,94%"
"31/05/2024","6.970,74","7.076,37","7.102,22","6.959,23","26,97B","-0,90%"
"30/05/2024","7.034,14","7.125,77","7.134,71","6.984,98","17,77B","-1,49%"
"29/05/2024","7.140,23","7.275,53","7.282,00","7.127,21","14,46B","-1,56%"
"28/05/2024","7.253,63","7.228,51","7.308,14","7.228,41","16,64B","1,08%"
"27/05/2024","7.176,42","7.219,98","7.256,18","7.171,49","19,09B","-0,64%"
"22/05/2024","7.222,38","7.198,19","7.239,86","7.191,11","13,57B","0,51%"
"21/05/2024","7.186,04","7.258,41","7.295,06","7.179,53","13,56B","-1,11%"
"20/05/2024","7.266,69","7.329,40","7.374,55","7.243,01","15,81B","-0,69%"
"17/05/2024","7.317,24","7.249,73","7.356,71","7.245,20","18,15B","0,97%"
"16/05/2024","7.246,70","7.203,17","7.270,76","7.201,92","15,47B","0,93%"
"15/05/2024","7.179,83","7.085,38","7.192,15","7.082,12","13,99B","1,36%"
"14/05/2024","7.083,76","7.095,52","7.136,64","7.071,50","13,75B","-0,22%"
"13/05/2024","7.099,26","7.061,37","7.111,60","7.052,23","13,46B","0,15%"
"08/05/2024","7.088,79","7.129,46","7.164,31","7.071,35","14,79B","-0,49%"
"07/05/2024","7.123,61","7.136,85","7.159,77","7.108,18","14,85B","-0,17%"
"06/05/2024","7.135,89","7.171,59","7.178,77","7.102,69","16,50B","0,02%"
"03/05/2024","7.134,72","7.142,86","7.165,10","7.094,62","15,95B","0,24%"
"02/05/2024","7.117,42","7.227,61","7.232,95","7.072,47","14,56B","-1,61%"
"01/05/2024","7.234,20","7.187,41","7.266,87","7.179,69","","0,00%"
"30/04/2024","7.234,20","7.187,41","7.266,87","7.179,69","15,66B","1,10%"
"29/04/2024","7.155,78","7.021,49","7.155,78","7.021,49","13,00B","1,70%"
"26/04/2024","7.036,08","7.137,93","7.149,25","7.036,08","13,76B","-1,67%"
"25/04/2024","7.155,29","7.167,98","7.177,06","7.132,10","14,04B","-0,27%"
"24/04/2024","7.174,53","7.127,05","7.191,18","7.126,85","15,41B","0,90%"
"23/04/2024","7.110,81","7.102,81","7.165,95","7.099,84","17,29B","0,52%"
"22/04/2024","7.073,82","7.099,52","7.117,02","7.026,48","12,16B","-0,19%"
"19/04/2024","7.087,32","7.131,46","7.141,58","7.036,21","15,07B","-1,11%"
"18/04/2024","7.166,81","7.151,74","7.180,56","7.135,52","12,94B","0,50%"
"17/04/2024","7.130,84","7.199,83","7.234,37","7.130,84","14,35B","-0,47%"
"16/04/2024","7.164,81","7.130,63","7.188,09","7.066,57","17,56B","-1,68%"
"05/04/2024","7.286,88","7.245,32","7.298,86","7.239,27","9,49B","0,45%"
"04/04/2024","7.254,40","7.170,72","7.254,40","7.165,83","10,89B","1,22%"
"03/04/2024","7.166,84","7.214,02","7.226,35","7.158,74","11,10B","-0,97%"
"02/04/2024","7.236,98","7.199,12","7.236,98","7.153,94","12,77B","0,44%"
"01/04/2024","7.205,06","7.286,11","7.295,00","7.137,46","12,43B","-1,15%"
"28/03/2024","7.288,81","7.289,16","7.313,01","7.244,95","12,41B","-0,29%"
"27/03/2024","7.310,09","7.364,23","7.375,40","7.292,80","12,53B","-0,75%"
"26/03/2024","7.365,66","7.337,66","7.371,84","7.330,46","13,84B","-0,16%"
"25/03/2024","7.377,76","7.339,52","7.377,76","7.316,93","12,43B","0,38%"
"22/03/2024","7.350,15","7.327,51","7.350,15","7.318,44","12,37B","0,16%"
"21/03/2024","7.338,35","7.360,56","7.396,47","7.336,60","13,98B","0,10%"
"20/03/2024","7.331,13","7.303,93","7.343,46","7.295,35","16,97B","-0,08%"
"19/03/2024","7.336,75","7.320,54","7.361,53","7.314,18","13,76B","0,47%"
"18/03/2024","7.302,45","7.338,08","7.358,55","7.300,94","15,53B","-0,35%"
"15/03/2024","7.328,05","7.408,66","7.416,34","7.308,04","23,15B","-1,42%"
"14/03/2024","7.433,31","7.405,57","7.454,45","7.380,65","12,92B","0,16%"
"13/03/2024","7.421,21","7.422,30","7.441,62","7.392,01","13,52B","0,53%"
"08/03/2024","7.381,91","7.398,43","7.416,43","7.376,16","12,52B","0,11%"
"07/03/2024","7.373,96","7.338,73","7.386,87","7.334,31","19,33B","0,60%"
"06/03/2024","7.329,80","7.252,08","7.331,08","7.248,53","18,03B","1,14%"
"05/03/2024","7.247,46","7.296,53","7.305,45","7.238,34","15,28B","-0,40%"
"04/03/2024","7.276,75","7.318,83","7.328,38","7.259,78","16,81B","-0,48%"
"01/03/2024","7.311,91","7.318,67","7.331,32","7.269,89","13,46B","-0,06%"
"29/02/2024","7.316,11","7.326,80","7.337,92","7.289,34","23,01B","-0,17%"
"28/02/2024","7.328,64","7.292,08","7.328,74","7.289,26","22,04B","0,59%"
"27/02/2024","7.285,32","7.263,99","7.292,93","7.255,12","18,39B","0,02%"
"26/02/2024","7.283,82","7.277,64","7.295,14","7.252,28","14,71B","-0,15%"
"23/02/2024","7.295,10","7.326,53","7.340,19","7.262,10","14,63B","-0,61%"
"22/02/2024","7.339,64","7.334,95","7.365,76","7.321,52","15,45B","-0,13%"
"21/02/2024","7.349,02","7.345,79","7.370,88","7.286,67","15,26B","-0,05%"
"20/02/2024","7.352,60","7.320,72","7.354,11","7.309,50","13,00B","0,77%"
"19/02/2024","7.296,70","7.323,31","7.339,76","7.277,54","15,12B","-0,53%"
"16/02/2024","7.335,54","7.337,82","7.370,57","7.314,88","14,64B","0,44%"
"15/02/2024","7.303,28","7.337,63","7.365,68","7.298,48","18,44B","1,30%"
"13/02/2024","7.209,74","7.301,59","7.301,59","7.197,83","12,83B","-1,20%"
"12/02/2024","7.297,67","7.268,33","7.306,16","7.250,31","17,87B","0,86%"
"07/02/2024","7.235,15","7.264,98","7.285,13","7.225,45","13,81B","-0,17%"
"06/02/2024","7.247,41","7.230,15","7.268,13","7.212,14","13,80B","0,68%"
"05/02/2024","7.198,62","7.237,33","7.254,09","7.186,17","13,73B","-0,55%"
"02/02/2024","7.238,79","7.221,90","7.238,79","7.180,36","11,44B","0,52%"
"01/02/2024","7.201,70","7.221,85","7.248,53","7.191,69","15,74B","-0,09%"
"31/01/2024","7.207,94","7.213,31","7.247,52","7.192,64","17,03B","0,22%"
"30/01/2024","7.192,22","7.147,24","7.213,19","7.133,61","18,22B","0,49%"
"29/01/2024","7.157,17","7.147,71","7.177,70","7.115,04","16,04B","0,28%"
"26/01/2024","7.137,09","7.152,27","7.166,69","7.099,08","14,02B","-0,57%"
"25/01/2024","7.178,04","7.215,53","7.253,72","7.176,11","13,04B","-0,69%"
"24/01/2024","7.227,82","7.255,77","7.271,96","7.170,30","12,89B","-0,39%"
"23/01/2024","7.256,23","7.232,52","7.256,23","7.201,83","13,26B","0,11%"
"22/01/2024","7.247,93","7.233,17","7.247,93","7.194,95","14,17B","0,28%"
"19/01/2024","7.227,40","7.271,34","7.277,98","7.170,81","13,74B","-0,35%"
"18/01/2024","7.252,97","7.198,85","7.267,08","7.185,38","15,89B","0,73%"
"17/01/2024","7.200,63","7.248,01","7.252,46","7.162,48","20,21B","-0,58%"
"16/01/2024","7.242,79","7.231,64","7.268,18","7.210,03","13,03B","0,26%"
"15/01/2024","7.224,00","7.254,04","7.281,26","7.206,31","13,30B","-0,24%"
"12/01/2024","7.241,14","7.242,37","7.271,87","7.205,76","15,22B","0,29%"
"11/01/2024","7.219,96","7.253,46","7.277,50","7.219,96","19,05B","-0,10%"
"10/01/2024","7.227,30","7.187,58","7.259,60","7.152,88","15,27B","0,38%"
"09/01/2024","7.200,20","7.299,78","7.311,64","7.180,16","15,26B","-1,14%"
"08/01/2024","7.283,58","7.362,05","7.393,13","7.275,17","14,06B","-0,91%"
"05/01/2024","7.350,62","7.376,29","7.403,58","7.350,62","16,31B","-0,12%"
"04/01/2024","7.359,76","7.290,06","7.371,23","7.280,41","15,57B","1,11%"
"03/01/2024","7.279,09","7.316,11","7.321,88","7.275,87","15,95B","-0,61%"
"02/01/2024","7.323,59","7.268,40","7.323,59","7.245,57","12,14B","0,70%"
"29/12/2023","7.272,80","7.307,11","7.309,78","7.259,68","12,32B","-0,43%"
"28/12/2023","7.303,89","7.266,57","7.308,21","7.262,25","12,30B","0,80%"
"27/12/2023","7.245,92","7.256,16","7.293,52","7.239,66","12,50B","0,12%"
"26/12/2023","7.237,52","7.225,62","7.248,55","7.218,17","","0,00%"
"22/12/2023","7.237,52","7.225,62","7.248,55","7.218,17","11,13B","0,39%"
"21/12/2023","7.209,62","7.222,09","7.229,29","7.173,01","14,43B","-0,14%"
"20/12/2023","7.219,67","7.207,18","7.237,97","7.196,24","14,23B","0,44%"
"19/12/2023","7.187,85","7.116,55","7.187,85","7.112,82","15,54B","0,96%"
"18/12/2023","7.119,52","7.181,43","7.192,89","7.092,03","23,95B","-0,99%"
"15/12/2023","7.190,99","7.183,15","7.215,94","7.169,43","20,79B","0,21%"
"14/12/2023","7.176,02","7.134,04","7.191,16","7.115,45","22,86B","1,42%"
"13/12/2023","7.075,34","7.110,08","7.124,48","7.045,94","18,28B","-0,70%"
"12/12/2023","7.125,31","7.104,97","7.134,22","7.082,88","25,51B","0,52%"
"11/12/2023","7.088,79","7.139,28","7.153,12","7.045,17","49,01B","-0,99%"
"08/12/2023","7.159,60","7.134,62","7.201,63","7.123,04","27,00B","0,35%"
"07/12/2023","7.134,62","7.087,40","7.134,62","7.041,01","23,52B","0,67%"
"06/12/2023","7.087,40","7.100,85","7.140,16","7.085,81","27,28B","-0,19%"
"05/12/2023","7.100,85","7.093,06","7.117,58","7.047,63","31,96B","0,10%"
"04/12/2023","7.093,60","7.060,04","7.149,24","7.060,04","30,84B","0,48%"
"01/12/2023","7.059,91","7.080,06","7.083,86","7.022,77","26,60B","-0,29%"
"30/11/2023","7.080,74","7.036,09","7.109,61","7.036,09","25,97B","0,63%"
"29/11/2023","7.036,09","7.041,07","7.070,19","7.020,01","16,76B","-0,07%"
"28/11/2023","7.041,07","7.013,41","7.067,14","7.010,83","16,76B","0,39%"
"27/11/2023","7.013,41","7.009,63","7.061,83","7.008,81","16,35B","0,05%"
"24/11/2023","7.009,63","7.004,48","7.049,54","7.000,10","18,11B","0,08%"
"23/11/2023","7.004,34","6.907,09","7.018,43","6.906,61","21,91B","1,41%"
"22/11/2023","6.906,95","6.961,79","6.965,41","6.893,51","18,19B","-0,79%"
"21/11/2023","6.961,79","6.994,89","7.010,98","6.946,96","16,06B","-0,47%"
"20/11/2023","6.994,89","6.977,67","7.011,06","6.962,75","15,05B","0,25%"
"17/11/2023","6.977,67","6.958,15","6.977,67","6.919,63","12,29B","0,28%"
"16/11/2023","6.958,01","6.958,34","6.964,17","6.906,59","12,29B","0,00%"
"15/11/2023","6.958,21","6.862,33","6.985,59","6.862,33","18,18B","1,40%"
"14/11/2023","6.862,06","6.838,04","6.886,81","6.829,95","15,26B","0,35%"
"13/11/2023","6.838,31","6.809,26","6.857,10","6.809,26","18,76B","0,43%"
"10/11/2023","6.809,26","6.838,23","6.843,96","6.801,92","13,36B","-0,42%"
"09/11/2023","6.838,23","6.804,11","6.865,08","6.793,76","12,05B","0,50%"
"08/11/2023","6.804,11","6.843,65","6.843,92","6.760,10","15,14B","-0,58%"
"07/11/2023","6.843,79","6.878,84","6.887,02","6.806,88","19,31B","-0,51%"
"06/11/2023","6.878,84","6.788,85","6.878,84","6.787,23","22,88B","1,33%"
"03/11/2023","6.788,85","6.751,39","6.826,62","6.748,70","23,17B","0,55%"
"02/11/2023","6.751,39","6.642,69","6.785,00","6.642,69","22,12B","1,64%"
"01/11/2023","6.642,42","6.751,94","6.773,98","6.639,82","20,66B","-1,63%"
"31/10/2023","6.752,21","6.735,89","6.754,52","6.666,41","19,55B","0,24%"
"30/10/2023","6.735,89","6.758,66","6.775,21","6.692,78","15,78B","-0,34%"
"27/10/2023","6.758,79","6.714,52","6.781,39","6.713,94","16,31B","0,66%"
"26/10/2023","6.714,52","6.833,98","6.838,81","6.704,52","16,83B","-1,75%"
"25/10/2023","6.834,39","6.806,90","6.878,56","6.806,90","15,38B","0,41%"
"24/10/2023","6.806,76","6.741,83","6.826,05","6.738,53","14,15B","0,96%"
"23/10/2023","6.741,96","6.849,17","6.853,45","6.730,88","16,85B","-1,57%"
"20/10/2023","6.849,17","6.846,43","6.869,47","6.803,19","19,41B","0,04%"
"19/10/2023","6.846,43","6.927,63","6.927,98","6.840,37","20,59B","-1,18%"
"18/10/2023","6.927,91","6.939,62","6.968,25","6.908,29","18,75B","-0,17%"
"17/10/2023","6.939,62","6.896,29","6.948,04","6.892,23","17,69B","0,63%"
"16/10/2023","6.896,29","6.926,92","6.970,60","6.878,26","34,16B","-0,44%"
"13/10/2023","6.926,78","6.934,88","6.973,75","6.902,06","21,63B","-0,12%"
"12/10/2023","6.935,15","6.931,89","6.986,88","6.931,89","21,88B","0,05%"
"11/10/2023","6.931,75","6.922,19","6.965,83","6.914,72","17,81B","0,14%"
"10/10/2023","6.922,19","6.891,46","6.954,01","6.891,46","12,37B","0,45%"
"09/10/2023","6.891,46","6.888,52","6.929,97","6.880,54","13,97B","0,04%"
"06/10/2023","6.888,52","6.875,10","6.913,01","6.875,10","14,23B","0,20%"
"05/10/2023","6.874,83","6.886,99","6.934,80","6.874,83","16,80B","-0,17%"
"04/10/2023","6.886,58","6.940,89","6.943,27","6.839,86","19,61B","-0,78%"
"03/10/2023","6.940,89","6.961,46","6.992,63","6.940,89","16,77B","-0,30%"
"02/10/2023","6.961,46","6.939,89","6.984,58","6.939,61","15,79B","0,31%"
"29/09/2023","6.939,89","6.937,83","6.978,59","6.937,83","16,57B","0,03%"
"27/09/2023","6.937,83","6.923,80","6.970,85","6.913,35","15,49B","0,20%"
"26/09/2023","6.923,80","6.998,10","7.019,55","6.913,82","22,25B","-1,07%"
"25/09/2023","6.998,38","7.016,98","7.029,77","6.994,44","18,30B","-0,26%"
"22/09/2023","7.016,84","6.991,47","7.040,13","6.985,96","15,57B","0,36%"
"21/09/2023","6.991,47","7.011,68","7.021,29","6.974,01","13,80B","-0,29%"
"20/09/2023","7.011,68","6.980,32","7.046,48","6.980,32","14,66B","0,45%"
"19/09/2023","6.980,32","6.936,37","6.994,04","6.934,71","13,54B","0,64%"
"18/09/2023","6.936,08","6.982,79","6.999,40","6.928,77","15,38B","-0,67%"
"15/09/2023","6.982,79","6.959,19","7.011,88","6.945,07","34,69B","0,34%"
"14/09/2023","6.959,33","6.935,33","6.968,98","6.927,68","17,18B","0,34%"
"13/09/2023","6.935,48","6.934,11","6.944,82","6.903,23","16,39B","0,02%"
"12/09/2023","6.933,97","6.963,39","6.976,48","6.928,23","17,47B","-0,42%"
"11/09/2023","6.963,39","6.924,78","6.963,39","6.904,36","17,41B","0,56%"
"08/09/2023","6.924,78","6.954,81","6.966,77","6.900,59","14,04B","-0,43%"
"07/09/2023","6.954,81","6.996,10","7.003,67","6.927,42","19,12B","-0,59%"
"06/09/2023","6.995,95","6.991,71","7.020,97","6.989,79","16,54B","0,06%"
"05/09/2023","6.991,71","6.996,75","7.014,48","6.972,63","18,32B","-0,07%"
"04/09/2023","6.996,75","6.977,80","7.007,80","6.974,82","15,46B","0,27%"
"01/09/2023","6.977,65","6.953,26","6.992,63","6.950,26","14,58B","0,35%"
"31/08/2023","6.953,26","6.966,66","6.982,35","6.924,23","23,31B","-0,19%"
"30/08/2023","6.966,66","6.958,26","7.008,49","6.958,26","15,93B","0,13%"
"29/08/2023","6.957,83","6.921,73","6.964,73","6.921,73","24,43B","0,52%"
"28/08/2023","6.921,73","6.895,87","6.940,12","6.895,87","18,55B","0,38%"
"25/08/2023","6.895,44","6.899,39","6.906,08","6.869,63","13,00B","-0,06%"
"24/08/2023","6.899,39","6.921,41","6.937,65","6.898,39","14,28B","-0,32%"
"23/08/2023","6.921,41","6.916,45","6.959,43","6.916,45","17,07B","0,07%"
"22/08/2023","6.916,45","6.866,03","6.927,45","6.860,69","15,86B","0,73%"
"21/08/2023","6.866,03","6.860,05","6.890,28","6.859,42","20,77B","0,09%"
"18/08/2023","6.859,91","6.899,83","6.899,83","6.856,38","13,07B","-0,59%"
"16/08/2023","6.900,54","6.915,10","6.915,10","6.855,89","15,23B","-0,21%"
"15/08/2023","6.915,10","6.910,46","6.928,63","6.898,38","17,28B","0,07%"
"14/08/2023","6.910,17","6.879,98","6.910,17","6.823,75","13,88B","0,44%"
"11/08/2023","6.879,98","6.893,28","6.906,65","6.865,11","13,07B","-0,19%"
"10/08/2023","6.893,28","6.875,11","6.910,75","6.875,11","16,27B","0,26%"
"09/08/2023","6.875,11","6.868,81","6.901,06","6.863,08","21,85B","0,09%"
"08/08/2023","6.868,81","6.886,51","6.915,05","6.861,63","17,04B","-0,25%"
"07/08/2023","6.886,37","6.852,84","6.904,36","6.852,84","13,45B","0,49%"
"04/08/2023","6.852,84","6.898,22","6.925,01","6.850,90","11,88B","-0,66%"
"03/08/2023","6.898,08","6.854,51","6.924,05","6.839,74","16,36B","0,64%"
"02/08/2023","6.854,51","6.886,50","6.886,50","6.833,98","18,39B","-0,46%"
"01/08/2023","6.886,50","6.931,08","6.934,39","6.880,47","19,61B","-0,65%"
"31/07/2023","6.931,36","6.900,23","6.931,36","6.895,07","17,15B","0,45%"
"28/07/2023","6.900,23","6.896,81","6.904,10","6.857,37","14,67B","0,05%"
"27/07/2023","6.896,66","6.948,28","6.966,17","6.896,66","15,86B","-0,74%"
"26/07/2023","6.948,28","6.917,71","6.955,98","6.917,41","14,97B","0,44%"
"25/07/2023","6.917,71","6.897,98","6.944,62","6.897,98","15,05B","0,27%"
"24/07/2023","6.899,40","6.880,80","6.929,68","6.877,95","15,01B","0,27%"
"21/07/2023","6.880,80","6.864,19","6.880,80","6.837,65","13,16B","0,24%"
"20/07/2023","6.864,19","6.830,06","6.874,89","6.828,00","14,20B","0,50%"
"18/07/2023","6.830,20","6.867,14","6.902,14","6.798,43","15,04B","-0,54%"
"17/07/2023","6.867,14","6.869,71","6.931,27","6.867,14","17,68B","-0,04%"
"14/07/2023","6.869,57","6.810,21","6.874,78","6.810,21","16,07B","0,87%"
"13/07/2023","6.810,21","6.808,35","6.835,74","6.783,74","17,14B","0,03%"
"12/07/2023","6.808,21","6.796,92","6.820,18","6.785,86","16,17B","0,17%"
"11/07/2023","6.796,92","6.731,18","6.796,92","6.730,63","16,04B","0,98%"
"10/07/2023","6.731,04","6.716,46","6.763,55","6.716,46","12,36B","0,22%"
"07/07/2023","6.716,46","6.757,05","6.757,05","6.711,22","15,83B","-0,60%"
"06/07/2023","6.757,33","6.718,26","6.766,27","6.712,07","17,95B","0,57%"
"05/07/2023","6.718,98","6.681,75","6.719,06","6.676,93","14,89B","0,56%"
"04/07/2023","6.681,75","6.696,86","6.713,99","6.672,77","14,63B","-0,22%"
"03/07/2023","6.696,72","6.661,74","6.696,72","6.660,82","12,56B","0,52%"
"27/06/2023","6.661,88","6.664,67","6.679,63","6.652,90","14,23B","-0,04%"
"26/06/2023","6.664,67","6.639,73","6.674,06","6.622,18","12,60B","0,38%"
"23/06/2023","6.639,73","6.652,26","6.665,66","6.635,48","11,34B","-0,19%"
"22/06/2023","6.652,26","6.702,77","6.717,98","6.652,26","16,85B","-0,75%"
"21/06/2023","6.702,63","6.660,46","6.702,63","6.635,67","12,03B","0,63%"
"20/06/2023","6.660,46","6.686,06","6.692,44","6.626,15","11,83B","-0,38%"
"19/06/2023","6.686,06","6.698,55","6.705,04","6.669,05","16,14B","-0,19%"
"16/06/2023","6.698,55","6.713,52","6.726,46","6.669,34","17,21B","-0,23%"
"15/06/2023","6.713,79","6.699,72","6.717,46","6.660,91","15,12B","0,21%"
"14/06/2023","6.699,72","6.718,87","6.744,64","6.672,86","17,83B","-0,29%"
"13/06/2023","6.719,01","6.722,37","6.744,04","6.697,07","17,66B","-0,05%"
"12/06/2023","6.722,37","6.694,58","6.722,37","6.670,52","15,87B","0,42%"
"09/06/2023","6.694,02","6.666,05","6.703,82","6.648,96","18,28B","0,42%"
"08/06/2023","6.666,33","6.619,75","6.666,33","6.598,42","16,86B","0,70%"
"07/06/2023","6.619,75","6.619,06","6.638,58","6.578,76","16,29B","0,01%"
"06/06/2023","6.618,92","6.633,44","6.677,57","6.602,00","23,18B","-0,22%"
"05/06/2023","6.633,44","6.633,26","6.663,71","6.598,51","15,27B","0,00%"
"31/05/2023","6.633,26","6.636,42","6.657,65","6.562,96","61,51B","-0,05%"
"30/05/2023","6.636,42","6.681,10","6.700,24","6.636,42","17,38B","-0,67%"
"29/05/2023","6.681,10","6.687,28","6.708,37","6.617,24","16,48B","-0,09%"
"26/05/2023","6.687,00","6.704,23","6.727,29","6.669,24","18,15B","-0,26%"
"25/05/2023","6.704,23","6.745,80","6.749,71","6.702,53","15,70B","-0,62%"
"24/05/2023","6.745,80","6.736,68","6.755,88","6.713,89","13,77B","0,14%"
"23/05/2023","6.736,68","6.729,65","6.772,65","6.727,07","16,22B","0,10%"
"22/05/2023","6.729,65","6.700,56","6.757,62","6.675,88","16,75B","0,43%"
"19/05/2023","6.700,56","6.663,11","6.715,03","6.662,75","16,16B","0,56%"
"17/05/2023","6.663,11","6.676,42","6.706,60","6.661,47","18,04B","-0,20%"
"16/05/2023","6.676,56","6.711,74","6.729,07","6.659,07","15,64B","-0,52%"
"15/05/2023","6.711,74","6.708,46","6.729,30","6.656,65","14,26B","0,06%"
"12/05/2023","6.707,76","6.755,94","6.755,94","6.704,57","17,38B","-0,71%"
"11/05/2023","6.755,94","6.811,90","6.814,12","6.717,42","16,29B","-0,82%"
"10/05/2023","6.811,90","6.780,40","6.820,12","6.775,19","18,15B","0,47%"
"09/05/2023","6.779,98","6.769,63","6.793,77","6.742,18","17,21B","0,15%"
"08/05/2023","6.769,63","6.787,49","6.798,32","6.756,66","17,96B","-0,27%"
"05/05/2023","6.787,63","6.844,03","6.851,59","6.733,78","14,82B","-0,82%"
"04/05/2023","6.844,03","6.812,72","6.846,12","6.780,09","13,75B","0,46%"
"03/05/2023","6.812,72","6.863,30","6.865,61","6.776,90","12,13B","-0,74%"
"02/05/2023","6.863,30","6.915,72","6.920,34","6.814,34","13,65B","-0,76%"
"28/04/2023","6.915,72","6.945,48","6.958,67","6.897,71","13,06B","-0,43%"
"27/04/2023","6.945,48","6.910,85","6.971,91","6.877,65","16,16B","0,51%"
"26/04/2023","6.910,15","6.821,81","6.910,15","6.821,60","12,02B","1,29%"
"18/04/2023","6.821,81","6.787,58","6.839,76","6.784,17","10,37B","0,50%"
"17/04/2023","6.787,58","6.818,71","6.829,51","6.765,14","9,49B","-0,45%"
"14/04/2023","6.818,57","6.785,88","6.838,07","6.785,70","13,70B","0,49%"
"13/04/2023","6.785,60","6.798,54","6.816,88","6.764,66","16,15B","-0,20%"
"12/04/2023","6.798,96","6.811,46","6.833,74","6.775,28","15,14B","-0,18%"
"11/04/2023","6.811,31","6.771,23","6.811,31","6.738,77","16,14B","0,59%"
"10/04/2023","6.771,23","6.792,77","6.799,49","6.735,19","12,94B","-0,32%"
"06/04/2023","6.792,77","6.819,67","6.832,73","6.786,29","17,29B","-0,39%"
"05/04/2023","6.819,67","6.833,18","6.867,34","6.816,43","12,40B","-0,20%"
"04/04/2023","6.833,18","6.827,03","6.859,69","6.781,52","13,16B","0,09%"
"03/04/2023","6.827,17","6.805,28","6.849,36","6.805,13","12,75B","0,32%"
"31/03/2023","6.805,28","6.809,09","6.831,55","6.789,61","13,90B","-0,05%"
"30/03/2023","6.808,95","6.839,44","6.868,63","6.803,09","14,05B","-0,45%"
"29/03/2023","6.839,44","6.760,33","6.851,51","6.760,33","14,33B","1,17%"
"28/03/2023","6.760,33","6.708,93","6.764,65","6.708,93","12,61B","0,77%"
"27/03/2023","6.708,93","6.762,25","6.772,60","6.704,75","13,52B","-0,79%"
"24/03/2023","6.762,25","6.694,02","6.776,90","6.692,17","14,66B","1,06%"
"21/03/2023","6.691,61","6.612,49","6.691,61","6.609,22","14,55B","1,20%"
"20/03/2023","6.612,49","6.678,24","6.678,24","6.587,69","12,89B","-0,98%"
"17/03/2023","6.678,24","6.565,73","6.683,09","6.565,73","45,58B","1,71%"
"16/03/2023","6.565,73","6.628,14","6.630,77","6.542,79","15,44B","-0,94%"
"15/03/2023","6.628,14","6.641,81","6.709,86","6.628,14","13,92B","-0,21%"
"14/03/2023","6.641,81","6.786,67","6.786,67","6.635,38","16,66B","-2,14%"
"13/03/2023","6.786,96","6.765,02","6.812,87","6.727,44","14,18B","0,32%"
"10/03/2023","6.765,30","6.799,79","6.799,79","6.741,41","13,17B","-0,51%"
"09/03/2023","6.799,79","6.776,37","6.824,66","6.776,37","11,32B","0,35%"
"08/03/2023","6.776,37","6.766,76","6.776,37","6.728,19","14,41B","0,14%"
"07/03/2023","6.766,76","6.806,86","6.812,96","6.758,00","14,04B","-0,59%"
"06/03/2023","6.807,00","6.813,92","6.856,57","6.801,19","13,71B","-0,10%"
"03/03/2023","6.813,64","6.857,42","6.884,12","6.804,48","11,87B","-0,64%"
"02/03/2023","6.857,42","6.845,08","6.875,10","6.841,86","13,61B","0,18%"
"01/03/2023","6.844,94","6.843,10","6.889,51","6.833,19","14,63B","0,02%"
"28/02/2023","6.843,24","6.854,78","6.890,35","6.843,24","16,79B","-0,17%"
"27/02/2023","6.854,78","6.856,58","6.871,11","6.819,87","12,76B","-0,03%"
"24/02/2023","6.856,58","6.839,45","6.880,31","6.839,45","13,03B","0,25%"
"23/02/2023","6.839,45","6.810,11","6.839,45","6.807,00","12,45B","0,43%"
"22/02/2023","6.809,97","6.873,26","6.875,39","6.781,23","14,92B","-0,92%"
"21/02/2023","6.873,40","6.894,72","6.923,67","6.870,91","14,42B","-0,31%"
"20/02/2023","6.894,72","6.895,86","6.910,50","6.863,67","17,59B","-0,01%"
"17/02/2023","6.895,71","6.895,66","6.919,09","6.868,28","18,01B","0,00%"
"16/02/2023","6.895,66","6.914,54","6.933,28","6.875,30","17,36B","-0,27%"
"15/02/2023","6.914,54","6.941,85","6.946,03","6.872,87","14,85B","-0,39%"
"14/02/2023","6.941,85","6.900,14","6.941,85","6.900,14","16,28B","0,60%"
"13/02/2023","6.900,14","6.880,33","6.915,14","6.871,88","21,39B","0,29%"
"10/02/2023","6.880,33","6.895,24","6.895,24","6.803,42","14,08B","-0,25%"
"09/02/2023","6.897,37","6.940,12","6.961,15","6.896,04","17,67B","-0,62%"
"08/02/2023","6.940,12","6.935,30","6.961,92","6.912,11","17,27B","0,07%"
"07/02/2023","6.935,30","6.873,79","6.946,23","6.873,79","17,31B","0,89%"
"06/02/2023","6.873,79","6.911,73","6.924,88","6.835,76","14,35B","-0,55%"
"03/02/2023","6.911,73","6.890,71","6.951,97","6.890,71","20,29B","0,31%"
"02/02/2023","6.890,57","6.862,26","6.896,73","6.855,37","18,92B","0,41%"
"01/02/2023","6.862,26","6.838,92","6.893,18","6.838,92","14,59B","0,34%"
"31/01/2023","6.839,34","6.872,52","6.880,96","6.827,24","15,18B","-0,48%"
"30/01/2023","6.872,48","6.899,02","6.925,47","6.834,08","13,47B","-0,38%"
"27/01/2023","6.898,98","6.864,82","6.932,71","6.864,82","14,92B","0,50%"
"26/01/2023","6.864,82","6.829,97","6.874,87","6.815,79","17,11B","0,51%"
"25/01/2023","6.829,93","6.860,85","6.871,36","6.821,28","18,79B","-0,45%"
"24/01/2023","6.860,85","6.874,93","6.906,79","6.841,01","19,68B","-0,20%"
"20/01/2023","6.874,93","6.819,91","6.874,93","6.819,53","17,38B","0,81%"
"19/01/2023","6.819,91","6.765,75","6.820,98","6.754,55","15,42B","0,80%"
"18/01/2023","6.765,79","6.767,18","6.790,16","6.721,46","19,50B","-0,02%"
"17/01/2023","6.767,34","6.688,06","6.801,87","6.688,06","21,76B","1,19%"
"16/01/2023","6.688,06","6.641,83","6.688,06","6.627,70","15,49B","0,70%"
"13/01/2023","6.641,83","6.629,93","6.658,48","6.600,59","16,56B","0,18%"
"12/01/2023","6.629,93","6.584,49","6.662,23","6.574,09","14,89B","0,69%"
"11/01/2023","6.584,45","6.622,54","6.622,79","6.557,92","12,49B","-0,57%"
"10/01/2023","6.622,50","6.688,27","6.690,23","6.570,24","14,48B","-0,98%"
"09/01/2023","6.688,27","6.684,56","6.726,97","6.638,65","13,59B","0,06%"
"06/01/2023","6.684,56","6.653,76","6.708,64","6.598,65","10,99B","0,46%"
"05/01/2023","6.653,84","6.813,28","6.813,42","6.621,99","18,06B","-2,34%"
"04/01/2023","6.813,24","6.888,80","6.900,60","6.813,24","14,25B","-1,10%"
"03/01/2023","6.888,76","6.850,98","6.908,00","6.838,57","15,69B","0,55%"
"02/01/2023","6.850,98","6.850,74","6.856,89","6.823,48","10,96B","0,01%"
"30/12/2022","6.850,62","6.860,12","6.888,74","6.838,59","12,93B","-0,14%"
"29/12/2022","6.860,08","6.850,52","6.879,58","6.786,98","14,10B","0,14%"
"28/12/2022","6.850,52","6.923,07","6.953,04","6.828,14","12,06B","-1,05%"
"27/12/2022","6.923,03","6.835,85","6.933,89","6.835,66","12,17B","1,28%"
"26/12/2022","6.835,81","6.800,71","6.858,15","6.796,17","11,75B","0,52%"
"23/12/2022","6.800,67","6.824,39","6.824,39","6.784,59","12,04B","-0,35%"
"22/12/2022","6.824,43","6.820,70","6.844,12","6.800,62","12,90B","0,06%"
"21/12/2022","6.820,66","6.768,32","6.820,66","6.763,70","13,91B","0,77%"
"20/12/2022","6.768,32","6.779,70","6.792,20","6.715,04","15,18B","-0,17%"
"19/12/2022","6.779,70","6.812,15","6.827,81","6.754,09","12,79B","-0,48%"
"16/12/2022","6.812,19","6.751,86","6.812,19","6.693,77","15,61B","0,89%"
"15/12/2022","6.751,86","6.801,79","6.801,84","6.740,96","14,51B","-0,73%"
"14/12/2022","6.801,75","6.810,36","6.854,10","6.774,13","21,54B","-0,13%"
"13/12/2022","6.810,32","6.734,49","6.826,12","6.714,87","39,61B","1,13%"
"12/12/2022","6.734,45","6.715,12","6.734,45","6.641,81","13,45B","0,29%"
"09/12/2022","6.715,12","6.804,23","6.804,23","6.695,38","12,71B","-1,31%"
"08/12/2022","6.804,23","6.818,79","6.821,05","6.683,63","16,23B","-0,21%"
"07/12/2022","6.818,75","6.892,57","6.892,66","6.799,30","15,87B","-1,07%"
"06/12/2022","6.892,57","6.987,37","6.987,37","6.862,56","14,97B","-1,36%"
"05/12/2022","6.987,33","7.019,64","7.053,90","6.987,33","16,53B","-0,46%"
"02/12/2022","7.019,64","7.020,80","7.021,81","6.967,95","13,95B","-0,02%"
"01/12/2022","7.020,80","7.081,19","7.090,28","7.018,27","16,80B","-0,85%"
"30/11/2022","7.081,31","7.012,11","7.081,31","6.993,70","27,35B","0,99%"
"29/11/2022","7.012,07","7.017,32","7.036,54","6.990,90","16,41B","-0,08%"
"28/11/2022","7.017,36","7.053,11","7.083,38","7.011,45","18,72B","-0,51%"
"25/11/2022","7.053,15","7.080,55","7.086,56","7.013,22","15,87B","-0,39%"
"24/11/2022","7.080,52","7.054,16","7.104,89","7.054,16","15,99B","0,37%"
"23/11/2022","7.054,12","7.030,63","7.089,69","7.026,39","15,75B","0,33%"
"22/11/2022","7.030,59","7.063,25","7.108,83","7.030,59","17,76B","-0,46%"
"21/11/2022","7.063,25","7.082,18","7.107,32","7.050,44","16,28B","-0,27%"
"18/11/2022","7.082,18","7.045,03","7.094,10","7.027,75","16,72B","0,53%"
"17/11/2022","7.044,99","7.014,38","7.051,27","6.965,76","15,66B","0,44%"
"16/11/2022","7.014,38","7.035,50","7.047,00","6.955,53","16,51B","-0,30%"
"15/11/2022","7.035,50","7.019,39","7.048,39","6.999,24","16,78B","0,23%"
"14/11/2022","7.019,39","7.089,21","7.104,76","7.014,30","17,46B","-0,98%"
"11/11/2022","7.089,21","6.967,00","7.106,06","6.967,00","22,61B","1,76%"
"10/11/2022","6.966,84","7.070,08","7.070,08","6.956,29","18,85B","-1,46%"
"09/11/2022","7.070,08","7.050,09","7.073,55","7.037,31","18,74B","0,28%"
"08/11/2022","7.050,13","7.102,44","7.111,44","7.039,25","19,34B","-0,74%"
"07/11/2022","7.102,40","7.045,53","7.102,40","7.011,56","19,41B","0,81%"
"04/11/2022","7.045,53","7.034,57","7.045,53","6.973,32","18,06B","0,16%"
"03/11/2022","7.034,57","7.015,69","7.050,38","6.962,85","17,66B","0,27%"
"02/11/2022","7.015,69","7.052,30","7.074,23","6.976,87","16,52B","-0,52%"
"01/11/2022","7.052,30","7.098,93","7.128,14","7.018,55","19,31B","-0,66%"
"31/10/2022","7.098,89","7.056,04","7.113,11","7.051,43","19,24B","0,61%"
"28/10/2022","7.056,04","7.091,76","7.100,81","7.016,70","18,67B","-0,50%"
"27/10/2022","7.091,76","7.043,98","7.104,85","7.043,98","18,81B","0,68%"
"26/10/2022","7.043,94","7.048,42","7.081,88","7.017,94","18,78B","-0,06%"
"25/10/2022","7.048,38","7.053,08","7.108,82","7.032,54","22,35B","-0,07%"
"24/10/2022","7.053,04","7.017,81","7.092,17","7.017,46","20,39B","0,50%"
"21/10/2022","7.017,77","6.980,69","7.058,91","6.974,96","18,15B","0,53%"
"20/10/2022","6.980,65","6.860,42","6.986,21","6.847,07","22,57B","1,75%"
"19/10/2022","6.860,42","6.834,49","6.883,92","6.806,11","16,54B","0,38%"
"18/10/2022","6.834,49","6.831,15","6.891,98","6.809,98","20,48B","0,05%"
"17/10/2022","6.831,12","6.814,53","6.836,98","6.747,38","21,78B","0,24%"
"14/10/2022","6.814,53","6.880,67","6.943,85","6.814,53","18,81B","-0,96%"
"13/10/2022","6.880,63","6.909,21","6.933,71","6.880,63","17,52B","-0,41%"
"12/10/2022","6.909,21","6.939,15","6.990,59","6.870,28","22,58B","-0,43%"
"11/10/2022","6.939,15","6.994,40","7.001,97","6.937,81","23,74B","-0,79%"
"10/10/2022","6.994,40","7.026,66","7.026,66","6.947,72","22,01B","-0,46%"
"07/10/2022","7.026,78","7.076,62","7.081,02","7.008,14","22,69B","-0,70%"
"06/10/2022","7.076,62","7.075,38","7.135,91","7.066,47","17,76B","0,02%"
"05/10/2022","7.075,38","7.072,29","7.131,88","7.070,21","21,97B","0,04%"
"04/10/2022","7.072,26","7.009,84","7.101,47","7.009,84","21,64B","0,89%"
"03/10/2022","7.009,72","7.040,80","7.047,62","6.995,06","18,00B","-0,44%"
"30/09/2022","7.040,80","7.036,20","7.056,17","6.926,86","20,85B","0,07%"
"29/09/2022","7.036,20","7.077,11","7.135,50","7.023,21","21,41B","-0,58%"
"28/09/2022","7.077,03","7.112,41","7.156,98","7.073,47","19,34B","-0,50%"
"27/09/2022","7.112,45","7.127,50","7.133,41","7.075,65","22,72B","-0,21%"
"26/09/2022","7.127,50","7.178,50","7.178,50","7.039,24","19,34B","-0,71%"
"23/09/2022","7.178,58","7.219,03","7.219,03","7.172,53","20,55B","-0,56%"
"22/09/2022","7.218,91","7.188,19","7.225,55","7.127,46","28,26B","0,43%"
"21/09/2022","7.188,31","7.196,87","7.204,90","7.134,79","24,62B","-0,12%"
"20/09/2022","7.196,95","7.195,57","7.252,19","7.186,25","27,97B","0,02%"
"19/09/2022","7.195,49","7.168,95","7.231,42","7.151,62","25,28B","0,37%"
"16/09/2022","7.168,87","7.305,60","7.306,16","7.163,07","35,18B","-1,87%"
"15/09/2022","7.305,60","7.278,20","7.377,50","7.278,20","27,43B","0,38%"
"14/09/2022","7.278,08","7.317,90","7.317,90","7.219,32","25,02B","-0,55%"
"13/09/2022","7.318,02","7.254,46","7.345,46","7.254,42","28,53B","0,88%"
"12/09/2022","7.254,46","7.242,70","7.276,42","7.218,46","30,08B","0,16%"
"09/09/2022","7.242,66","7.232,06","7.270,30","7.206,37","27,36B","0,15%"
"08/09/2022","7.232,02","7.186,76","7.277,88","7.186,56","27,77B","0,63%"
"07/09/2022","7.186,76","7.233,15","7.243,52","7.166,63","32,82B","-0,64%"
"06/09/2022","7.233,15","7.231,92","7.287,70","7.230,79","34,64B","0,02%"
"05/09/2022","7.231,88","7.177,14","7.245,40","7.147,98","30,92B","0,76%"
"02/09/2022","7.177,18","7.153,10","7.207,62","7.146,81","28,48B","0,34%"
"01/09/2022","7.153,10","7.178,59","7.197,06","7.135,02","25,24B","-0,36%"
"31/08/2022","7.178,59","7.159,51","7.178,59","7.073,22","25,69B","0,27%"
"30/08/2022","7.159,47","7.132,08","7.223,13","7.131,62","30,83B","0,38%"
"29/08/2022","7.132,04","7.135,09","7.135,09","7.015,35","25,68B","-0,04%"
"26/08/2022","7.135,25","7.174,29","7.194,08","7.135,25","27,39B","-0,54%"
"25/08/2022","7.174,21","7.194,71","7.210,16","7.146,31","28,09B","-0,28%"
"24/08/2022","7.194,71","7.163,31","7.204,42","7.154,64","22,15B","0,44%"
"23/08/2022","7.163,27","7.107,86","7.183,26","7.106,83","26,06B","0,78%"
"22/08/2022","7.107,98","7.172,43","7.174,28","7.064,50","20,45B","-0,90%"
"19/08/2022","7.172,43","7.186,60","7.230,11","7.172,43","23,29B","-0,20%"
"18/08/2022","7.186,56","7.133,45","7.186,56","7.125,39","23,93B","0,74%"
"16/08/2022","7.133,45","7.093,28","7.147,97","7.080,75","23,12B","0,57%"
"15/08/2022","7.093,28","7.129,28","7.156,92","7.081,30","22,82B","-0,50%"
"12/08/2022","7.129,28","7.160,38","7.164,67","7.113,58","24,01B","-0,43%"
"11/08/2022","7.160,38","7.086,28","7.181,10","7.086,28","24,63B","1,05%"
"10/08/2022","7.086,24","7.102,88","7.104,03","7.021,67","20,04B","-0,23%"
"09/08/2022","7.102,88","7.086,85","7.144,20","7.086,85","26,32B","0,23%"
"08/08/2022","7.086,85","7.084,65","7.100,81","7.050,82","21,90B","0,03%"
"05/08/2022","7.084,65","7.057,35","7.090,77","7.045,98","17,39B","0,39%"
"04/08/2022","7.057,35","7.046,63","7.075,56","7.025,05","24,82B","0,15%"
"03/08/2022","7.046,63","6.988,16","7.046,63","6.971,74","22,58B","0,84%"
"02/08/2022","6.988,16","6.968,78","6.991,39","6.902,63","21,62B","0,28%"
"01/08/2022","6.968,78","6.951,12","7.005,29","6.949,63","23,85B","0,25%"
"29/07/2022","6.951,12","6.956,90","7.032,35","6.951,12","29,25B","-0,08%"
"28/07/2022","6.956,82","6.898,30","6.984,53","6.898,30","28,73B","0,85%"
"27/07/2022","6.898,22","6.871,50","6.911,90","6.861,45","27,68B","0,39%"
"26/07/2022","6.871,54","6.858,45","6.899,93","6.857,80","32,02B","0,19%"
"25/07/2022","6.858,41","6.887,04","6.908,19","6.858,41","21,06B","-0,41%"
"22/07/2022","6.886,96","6.864,13","6.901,72","6.850,49","19,96B","0,33%"
"21/07/2022","6.864,13","6.874,78","6.893,38","6.809,72","15,64B","-0,15%"
"20/07/2022","6.874,74","6.736,17","6.880,76","6.736,06","18,25B","2,06%"
"19/07/2022","6.736,09","6.659,29","6.740,08","6.626,25","17,08B","1,15%"
"18/07/2022","6.659,25","6.652,06","6.702,07","6.611,93","14,37B","0,11%"
"15/07/2022","6.651,90","6.690,09","6.716,96","6.645,90","14,57B","-0,57%"
"14/07/2022","6.690,09","6.640,99","6.700,05","6.607,70","13,13B","0,74%"
"13/07/2022","6.640,99","6.718,29","6.727,92","6.636,05","16,93B","-1,15%"
"12/07/2022","6.718,29","6.722,19","6.745,43","6.708,18","18,43B","-0,06%"
"11/07/2022","6.722,15","6.740,02","6.757,09","6.690,62","16,36B","-0,27%"
"08/07/2022","6.740,22","6.652,67","6.740,22","6.652,67","15,76B","1,32%"
"07/07/2022","6.652,59","6.646,41","6.682,67","6.632,39","15,80B","0,09%"
"06/07/2022","6.646,41","6.703,27","6.709,92","6.602,90","14,06B","-0,85%"
"05/07/2022","6.703,27","6.639,21","6.767,83","6.639,21","18,11B","0,97%"
"04/07/2022","6.639,17","6.794,37","6.796,52","6.559,64","17,29B","-2,28%"
"01/07/2022","6.794,33","6.911,58","6.940,98","6.777,32","15,74B","-1,70%"
"30/06/2022","6.911,58","6.942,35","6.990,86","6.897,68","16,48B","-0,44%"
"29/06/2022","6.942,35","6.996,46","7.016,06","6.942,35","16,47B","-0,77%"
"28/06/2022","6.996,46","7.016,14","7.016,92","6.960,07","17,26B","-0,28%"
"27/06/2022","7.016,06","7.043,02","7.070,52","6.973,66","18,14B","-0,38%"
"24/06/2022","7.042,94","6.998,35","7.067,75","6.997,92","20,15B","0,64%"
"23/06/2022","6.998,27","6.984,31","7.010,27","6.920,73","21,21B","0,20%"
"22/06/2022","6.984,31","7.044,11","7.063,26","6.968,30","21,42B","-0,85%"
"21/06/2022","7.044,07","6.976,34","7.049,91","6.967,62","23,54B","0,97%"
"20/06/2022","6.976,38","6.937,01","6.976,38","6.859,60","27,04B","0,57%"
"17/06/2022","6.936,97","6.987,75","6.999,54","6.882,64","28,16B","-1,61%"
"16/06/2022","7.050,33","7.063,08","7.138,50","7.025,93","26,86B","0,62%"
"15/06/2022","7.007,05","7.031,20","7.086,38","6.966,03","27,41B","-0,61%"
"14/06/2022","7.049,88","6.949,65","7.049,88","6.932,71","23,50B","0,78%"
"13/06/2022","6.995,44","6.992,23","6.996,71","6.924,95","26,29B","-1,29%"
"10/06/2022","7.086,65","7.143,24","7.160,12","7.051,22","24,46B","-1,34%"
"09/06/2022","7.182,83","7.186,89","7.258,00","7.174,82","27,00B","-0,15%"
"08/06/2022","7.193,31","7.133,50","7.220,08","7.102,86","26,06B","0,73%"
"07/06/2022","7.141,04","7.101,31","7.192,54","7.062,97","27,52B","0,63%"
"06/06/2022","7.096,58","7.163,17","7.194,54","7.056,17","23,12B","-1,20%"
"03/06/2022","7.182,96","7.176,68","7.234,00","7.170,69","24,06B","0,48%"
"02/06/2022","7.148,72","7.130,60","7.209,08","7.117,98","22,74B","0,00%"
"31/05/2022","7.148,97","7.064,23","7.148,97","7.033,76","27,96B","1,58%"
"30/05/2022","7.037,56","7.052,17","7.069,25","6.974,62","20,15B","0,16%"
"27/05/2022","7.026,26","6.948,23","7.032,82","6.938,29","19,69B","2,07%"
"25/05/2022","6.883,50","6.914,65","6.944,48","6.858,70","17,39B","-0,44%"
"24/05/2022","6.914,14","6.859,22","6.941,67","6.822,14","19,78B","1,07%"
"23/05/2022","6.840,77","6.930,94","6.972,18","6.802,71","18,18B","-1,12%"
"20/05/2022","6.918,14","6.839,02","6.965,11","6.804,91","19,32B","1,39%"
"19/05/2022","6.823,33","6.719,76","6.851,72","6.620,68","23,47B","0,44%"
"18/05/2022","6.793,41","6.676,39","6.804,91","6.648,94","19,23B","2,24%"
"17/05/2022","6.644,47","6.603,89","6.703,05","6.574,14","19,59B","0,70%"
"13/05/2022","6.597,99","6.586,58","6.633,01","6.509,88","17,77B","-0,03%"
"12/05/2022","6.599,84","6.802,33","6.802,33","6.576,31","19,47B","-3,17%"
"11/05/2022","6.816,20","6.816,20","6.902,22","6.796,30","20,62B","-0,05%"
"10/05/2022","6.819,79","6.747,56","6.832,10","6.662,61","19,31B","-1,30%"
"09/05/2022","6.909,75","7.154,92","7.156,48","6.897,00","21,28B","-4,42%"
"28/04/2022","7.228,91","7.260,27","7.267,11","7.204,60","19,43B","0,45%"
"27/04/2022","7.196,76","7.211,71","7.226,02","7.175,07","20,20B","-0,49%"
"26/04/2022","7.232,15","7.208,92","7.247,48","7.161,66","19,74B","0,22%"
"25/04/2022","7.215,98","7.204,16","7.234,31","7.121,86","21,23B","-0,13%"
"22/04/2022","7.225,61","7.251,98","7.291,48","7.174,81","24,98B","-0,70%"
"21/04/2022","7.276,19","7.249,50","7.294,67","7.245,73","17,71B","0,68%"
"20/04/2022","7.227,36","7.226,87","7.262,56","7.184,96","26,63B","0,39%"
"19/04/2022","7.199,23","7.283,42","7.297,39","7.199,23","21,48B","-1,05%"
"18/04/2022","7.275,29","7.245,50","7.277,08","7.243,36","21,08B","0,55%"
"14/04/2022","7.235,53","7.265,32","7.282,91","7.234,33","23,87B","-0,38%"
"13/04/2022","7.262,78","7.240,19","7.266,40","7.212,86","24,59B","0,67%"
"12/04/2022","7.214,78","7.205,08","7.320,24","7.146,59","25,39B","0,15%"
"11/04/2022","7.203,79","7.212,00","7.355,30","7.194,61","33,46B","-0,10%"
"08/04/2022","7.210,83","7.157,31","7.216,49","7.151,26","20,74B","1,17%"
"07/04/2022","7.127,37","7.115,09","7.145,17","7.097,90","20,48B","0,33%"
"06/04/2022","7.104,22","7.128,41","7.147,99","7.090,22","21,67B","-0,62%"
"05/04/2022","7.148,30","7.122,91","7.148,30","7.110,11","18,42B","0,45%"
"04/04/2022","7.116,22","7.082,25","7.116,22","7.060,21","17,36B","0,53%"
"01/04/2022","7.078,76","7.093,70","7.099,30","7.040,49","15,76B","0,10%"
"31/03/2022","7.071,44","7.070,76","7.099,50","7.049,81","17,87B","0,26%"
"30/03/2022","7.053,19","7.037,20","7.055,87","7.022,65","19,46B","0,59%"
"29/03/2022","7.011,69","7.052,73","7.072,78","7.007,91","18,52B","-0,54%"
"28/03/2022","7.049,60","6.996,32","7.051,54","6.987,22","17,40B","0,67%"
"25/03/2022","7.002,53","7.050,55","7.055,34","6.978,40","20,19B","-0,67%"
"24/03/2022","7.049,69","6.986,18","7.049,69","6.977,83","26,50B","0,77%"
"23/03/2022","6.996,12","7.010,84","7.022,04","6.976,16","21,42B","-0,07%"
"22/03/2022","7.000,82","6.974,98","7.003,26","6.968,20","18,83B","0,66%"
"21/03/2022","6.955,18","6.945,89","6.974,15","6.929,93","21,67B","0,00%"
"18/03/2022","6.954,96","6.981,26","7.000,59","6.926,41","19,81B","-0,14%"
"17/03/2022","6.964,38","7.016,53","7.032,70","6.949,17","19,74B","-0,40%"
"16/03/2022","6.992,40","6.951,35","6.992,40","6.946,84","17,13B","1,07%"
"15/03/2022","6.918,19","6.968,35","6.996,32","6.894,92","18,97B","-0,49%"
"14/03/2022","6.952,20","6.949,21","6.969,99","6.918,31","19,33B","0,43%"
"11/03/2022","6.922,60","6.872,63","6.922,60","6.853,86","17,41B","-0,02%"
"10/03/2022","6.924,01","6.897,17","6.924,01","6.837,73","19,41B","0,87%"
"09/03/2022","6.864,44","6.836,67","6.888,93","6.824,09","21,00B","0,74%"
"08/03/2022","6.814,18","6.895,63","6.929,86","6.814,18","24,62B","-0,80%"
"07/03/2022","6.869,07","6.905,32","6.917,93","6.843,81","26,13B","-0,86%"
"04/03/2022","6.928,33","6.921,32","6.936,99","6.895,73","24,75B","0,87%"
"02/03/2022","6.868,40","6.956,62","6.973,36","6.861,96","32,58B","-0,77%"
"01/03/2022","6.921,44","6.964,70","6.996,94","6.915,98","19,60B","0,48%"
"25/02/2022","6.888,17","6.825,37","6.904,91","6.822,24","21,19B","1,03%"
"24/02/2022","6.817,82","6.912,48","6.929,91","6.758,86","28,27B","-1,48%"
"23/02/2022","6.920,06","6.878,63","6.920,06","6.873,81","20,48B","0,85%"
"22/02/2022","6.861,99","6.879,82","6.904,00","6.823,94","19,62B","-0,59%"
"21/02/2022","6.902,96","6.896,75","6.927,91","6.886,13","23,16B","0,15%"
"18/02/2022","6.892,82","6.837,52","6.899,41","6.812,36","23,38B","0,84%"
"17/02/2022","6.835,12","6.836,18","6.859,71","6.790,59","22,95B","-0,22%"
"16/02/2022","6.850,20","6.821,93","6.857,65","6.821,16","21,63B","0,63%"
"15/02/2022","6.807,50","6.746,36","6.807,50","6.727,36","21,04B","1,08%"
"14/02/2022","6.734,49","6.791,32","6.796,71","6.698,51","20,29B","-1,19%"
"11/02/2022","6.815,61","6.813,61","6.825,06","6.773,54","22,36B","-0,12%"
"10/02/2022","6.823,64","6.859,33","6.874,35","6.814,21","27,95B","-0,16%"
"09/02/2022","6.834,61","6.811,75","6.840,39","6.796,63","25,35B","0,66%"
"08/02/2022","6.789,52","6.813,18","6.860,75","6.780,42","25,59B","-0,23%"
"07/02/2022","6.804,94","6.751,35","6.806,73","6.748,91","22,59B","1,09%"
"04/02/2022","6.731,39","6.697,94","6.731,39","6.685,40","17,73B","0,71%"
"03/02/2022","6.683,85","6.724,40","6.730,60","6.648,08","20,24B","-0,35%"
"02/02/2022","6.707,65","6.657,79","6.716,60","6.650,30","21,48B","1,15%"
"31/01/2022","6.631,15","6.656,71","6.669,91","6.626,66","18,25B","-0,22%"
"28/01/2022","6.645,51","6.618,72","6.645,51","6.603,49","19,27B","0,52%"
"27/01/2022","6.611,16","6.586,85","6.627,41","6.570,75","17,78B","0,16%"
"26/01/2022","6.600,82","6.569,82","6.601,34","6.549,52","22,63B","0,50%"
"25/01/2022","6.568,17","6.630,88","6.632,95","6.523,93","21,32B","-1,31%"
"24/01/2022","6.655,17","6.700,82","6.712,26","6.645,41","17,62B","-1,06%"
"21/01/2022","6.726,37","6.626,35","6.726,37","6.607,42","15,46B","1,50%"
"20/01/2022","6.626,87","6.607,80","6.637,21","6.587,77","15,83B","0,53%"
"19/01/2022","6.591,98","6.609,83","6.615,45","6.575,38","17,14B","-0,33%"
"18/01/2022","6.614,06","6.654,96","6.667,40","6.534,27","17,28B","-0,47%"
"17/01/2022","6.645,05","6.711,41","6.711,82","6.625,86","14,86B","-0,72%"
"14/01/2022","6.693,40","6.653,65","6.699,41","6.631,05","14,05B","0,53%"
"13/01/2022","6.658,36","6.659,97","6.667,94","6.626,34","18,08B","0,17%"
"12/01/2022","6.647,06","6.662,40","6.690,32","6.625,76","19,29B","-0,01%"